Chromosome,Position,rsIDs,Reference,Alternate,Source,Filters - exomes,Filters - genomes,Transcript,HGVS Consequence,Protein Consequence,Position of Amino Acids,Reference Amio Acids,Mutant Amio Acids ,Transcript Consequence,VEP Annotation,ClinVar Clinical Significance,ClinVar Variation ID,Flags,Allele Count,Allele Number,Allele Frequency,Homozygote Count,Hemizygote Count,Allele Count African/African American,Allele Number African/African American,Homozygote Count African/African American,Hemizygote Count African/African American,Allele Count Latino/Admixed American,Allele Number Latino/Admixed American,Homozygote Count Latino/Admixed American,Hemizygote Count Latino/Admixed American,Allele Count Ashkenazi Jewish,Allele Number Ashkenazi Jewish,Homozygote Count Ashkenazi Jewish,Hemizygote Count Ashkenazi Jewish,Allele Count East Asian,Allele Number East Asian,Homozygote Count East Asian,Hemizygote Count East Asian,Allele Count European (Finnish),Allele Number European (Finnish),Homozygote Count European (Finnish),Hemizygote Count European (Finnish),Allele Count European (non-Finnish),Allele Number European (non-Finnish),Homozygote Count European (non-Finnish),Hemizygote Count European (non-Finnish),Allele Count Other,Allele Number Other,Homozygote Count Other,Hemizygote Count Other,Allele Count South Asian,Allele Number South Asian,Homozygote Count South Asian,Hemizygote Count South Asian
5,156607993,rs1378999585,A,G,gnomAD Exomes,PASS,NA,ENST00000422843.3,p.Asn2Ser,p.Asn2Ser,2,N,S,c.5A>G,missense_variant,,,,1,251124,3.9821E-06,0,0,0,16256,0,0,0,34580,0,0,0,10072,0,0,1,18372,0,0,0,21620,0,0,0,113480,0,0,0,6128,0,0,0,30616,0,0
5,156607995,rs776585958,A,G,gnomAD Exomes,PASS,NA,ENST00000422843.3,p.Asn3Asp,p.Asn3Asp,3,N,D,c.7A>G,missense_variant,,,,2,251104,7.96483E-06,0,0,0,16256,0,0,0,34578,0,0,0,10072,0,0,0,18376,0,0,0,21622,0,0,2,113456,0,0,0,6128,0,0,0,30616,0,0
5,156607998,rs1393178996,T,C,gnomAD Exomes,PASS,NA,ENST00000422843.3,p.Phe4Leu,p.Phe4Leu,4,F,L,c.10T>C,missense_variant,Uncertain significance,1386742,,3,251116,1.19467E-05,0,0,0,16256,0,0,3,34576,0,0,0,10066,0,0,0,18378,0,0,0,21628,0,0,0,113468,0,0,0,6128,0,0,0,30616,0,0
5,156608002,rs1325310385,T,C,gnomAD Exomes,PASS,NA,ENST00000422843.3,p.Ile5Thr,p.Ile5Thr,5,I,T,c.14T>C,missense_variant,,,,1,251140,3.98184E-06,0,0,0,16256,0,0,0,34578,0,0,0,10068,0,0,0,18372,0,0,0,21632,0,0,0,113490,0,0,1,6128,0,0,0,30616,0,0
5,156608010,rs868709834,G,A,gnomAD Exomes,PASS,NA,ENST00000422843.3,p.Glu8Lys,p.Glu8Lys,8,E,K,c.22G>A,missense_variant,,,,3,251142,1.19454E-05,0,0,0,16256,0,0,3,34574,0,0,0,10070,0,0,0,18372,0,0,0,21640,0,0,0,113488,0,0,0,6126,0,0,0,30616,0,0
5,156608016,rs758061743,C,G,gnomAD Exomes,PASS,NA,ENST00000422843.3,p.Gln10Glu,p.Gln10Glu,10,Q,E,c.28C>G,missense_variant,,,,1,251162,3.98149E-06,0,0,0,16256,0,0,0,34576,0,0,0,10066,0,0,0,18374,0,0,0,21646,0,0,1,113498,0,0,0,6130,0,0,0,30616,0,0
5,156608024,rs751083005,C,G,gnomAD Exomes,PASS,NA,ENST00000422843.3,p.Ile12Met,p.Ile12Met,12,I,M,c.36C>G,missense_variant,,,,1,251146,3.98175E-06,0,0,0,16256,0,0,0,34574,0,0,0,10068,0,0,0,18368,0,0,0,21646,0,0,1,113488,0,0,0,6130,0,0,0,30616,0,0
5,156608073,rs201513154,C,T,gnomAD Exomes,PASS,NA,ENST00000422843.3,p.Arg29Cys,p.Arg29Cys,29,R,C,c.85C>T,missense_variant,Uncertain significance,2417920,,2,251178,7.96248E-06,0,0,0,16256,0,0,0,34590,0,0,0,10072,0,0,2,18378,0,0,0,21644,0,0,0,113494,0,0,0,6128,0,0,0,30616,0,0
5,156608074,rs397514261,G,A,gnomAD Exomes,PASS,NA,ENST00000422843.3,p.Arg29His,p.Arg29His,29,R,H,c.86G>A,missense_variant,Pathogenic,64372,,3,251158,1.19447E-05,0,0,0,16256,0,0,0,34588,0,0,0,10070,0,0,0,18384,0,0,0,21648,0,0,3,113468,0,0,0,6128,0,0,0,30616,0,0
5,156608078,rs756484580,C,G,gnomAD Exomes,PASS,NA,ENST00000422843.3,p.Phe30Leu,p.Phe30Leu,30,F,L,c.90C>G,missense_variant,,,,1,251172,3.98134E-06,0,0,0,16256,0,0,0,34590,0,0,0,10072,0,0,1,18386,0,0,0,21648,0,0,0,113476,0,0,0,6128,0,0,0,30616,0,0
5,156608082,rs1179937592,G,A,gnomAD Exomes,PASS,NA,ENST00000422843.3,p.Val32Met,p.Val32Met,32,V,M,c.94G>A,missense_variant,,,,1,251156,3.98159E-06,0,0,0,16256,0,0,0,34590,0,0,1,10070,0,0,0,18386,0,0,0,21648,0,0,0,113462,0,0,0,6128,0,0,0,30616,0,0
5,156608094,rs778189459,G,A,gnomAD Exomes,PASS,NA,ENST00000422843.3,p.Ala36Thr,p.Ala36Thr,36,A,T,c.106G>A,missense_variant,,,,1,251050,3.98327E-06,0,0,0,16256,0,0,0,34590,0,0,0,10068,0,0,0,18390,0,0,0,21648,0,0,1,113358,0,0,0,6124,0,0,0,30616,0,0
5,156608103,rs140064341,G,T,gnomAD Exomes,PASS,NA,ENST00000422843.3,p.Ala39Ser,p.Ala39Ser,39,A,S,c.115G>T,missense_variant,,,,2,250944,7.96991E-06,0,0,0,16256,0,0,0,34586,0,0,0,10068,0,0,0,18392,0,0,0,21648,0,0,1,113254,0,0,0,6124,0,0,1,30616,0,0
5,156608118,rs774659403,C,G,gnomAD Exomes,PASS,NA,ENST00000422843.3,p.Arg44Gly,p.Arg44Gly,44,R,G,c.130C>G,missense_variant,,,,1,250740,3.98819E-06,0,0,0,16256,0,0,0,34588,0,0,0,10066,0,0,0,18392,0,0,0,21640,0,0,1,113052,0,0,0,6130,0,0,0,30616,0,0
5,156608118,rs774659403,C,T,gnomAD Exomes,PASS,NA,ENST00000422843.3,p.Arg44Cys,p.Arg44Cys,44,R,C,c.130C>T,missense_variant,,,,2,250740,7.97639E-06,0,0,0,16256,0,0,0,34588,0,0,0,10066,0,0,0,18392,0,0,0,21640,0,0,1,113052,0,0,0,6130,0,0,1,30616,0,0
5,156608119,rs201892355,G,A,gnomAD Exomes,PASS,NA,ENST00000422843.3,p.Arg44His,p.Arg44His,44,R,H,c.131G>A,missense_variant,Uncertain significance,1500819,,14,250716,5.58401E-05,0,0,1,16256,0,0,1,34588,0,0,0,10066,0,0,0,18390,0,0,0,21638,0,0,11,113038,0,0,0,6124,0,0,1,30616,0,0
5,156608125,rs1164561019,G,T,gnomAD Exomes,PASS,NA,ENST00000422843.3,p.Gly46Val,p.Gly46Val,46,G,V,c.137G>T,missense_variant,,,,1,250462,3.99262E-06,0,0,0,16256,0,0,0,34588,0,0,0,10062,0,0,0,18388,0,0,0,21644,0,0,1,112786,0,0,0,6124,0,0,0,30614,0,0
5,156635902,rs772972728,G,T,gnomAD Exomes,PASS,NA,ENST00000422843.3,p.Lys47Asn,p.Lys47Asn,47,K,N,c.141G>T,missense_variant,,,,1,251090,3.98264E-06,0,0,1,16232,0,0,0,34548,0,0,0,10064,0,0,0,18334,0,0,0,21638,0,0,0,113560,0,0,0,6132,0,0,0,30582,0,0
5,156635907,rs762768477,G,A,gnomAD Exomes,PASS,NA,ENST00000422843.3,p.Arg49His,p.Arg49His,49,R,H,c.146G>A,missense_variant,Uncertain significance,906130,,1,251124,3.9821E-06,0,0,0,16246,0,0,0,34556,0,0,0,10064,0,0,0,18330,0,0,0,21636,0,0,1,113566,0,0,0,6128,0,0,0,30598,0,0
5,156635910,rs774040719,C,T,gnomAD Exomes,PASS,NA,ENST00000422843.3,p.Thr50Met,p.Thr50Met,50,T,M,c.149C>T,missense_variant,Uncertain significance,861656,,12,251168,4.77768E-05,0,0,0,16246,0,0,0,34554,0,0,0,10062,0,0,0,18336,0,0,0,21638,0,0,5,113602,0,0,0,6134,0,0,7,30596,0,0
5,156635921,rs752258747,T,A,gnomAD Exomes,PASS,NA,ENST00000422843.3,p.Ser54Thr,p.Ser54Thr,54,S,T,c.160T>A,missense_variant,Uncertain significance,1974754,,1,251278,3.97966E-06,0,0,0,16252,0,0,0,34578,0,0,0,10072,0,0,0,18354,0,0,0,21646,0,0,1,113634,0,0,0,6138,0,0,0,30604,0,0
5,156635924,rs760049982,A,G,gnomAD Exomes,PASS,NA,ENST00000422843.3,p.Ile55Val,p.Ile55Val,55,I,V,c.163A>G,missense_variant,,,,3,251290,1.19384E-05,0,0,0,16250,0,0,3,34580,0,0,0,10074,0,0,0,18358,0,0,0,21648,0,0,0,113638,0,0,0,6136,0,0,0,30606,0,0
5,156635925,rs200593448,T,C,gnomAD Exomes,PASS,NA,ENST00000422843.3,p.Ile55Thr,p.Ile55Thr,55,I,T,c.164T>C,missense_variant,Uncertain significance,950030,,2,251296,7.95874E-06,0,0,0,16254,0,0,0,34580,0,0,0,10074,0,0,0,18360,0,0,0,21648,0,0,2,113640,0,0,0,6136,0,0,0,30604,0,0
5,156635928,rs754361306,A,T,gnomAD Exomes,PASS,NA,ENST00000422843.3,p.Glu56Val,p.Glu56Val,56,E,V,c.167A>T,missense_variant,,,,1,251298,3.97934E-06,0,0,0,16254,0,0,0,34580,0,0,0,10074,0,0,1,18362,0,0,0,21648,0,0,0,113634,0,0,0,6136,0,0,0,30610,0,0
5,156635937,rs757740059,G,A,gnomAD Exomes,PASS,NA,ENST00000422843.3,p.Arg59Gln,p.Arg59Gln,59,R,Q,c.176G>A,missense_variant,Uncertain significance,1059196,,3,251306,1.19376E-05,0,0,0,16254,0,0,1,34586,0,0,0,10074,0,0,0,18360,0,0,0,21644,0,0,2,113636,0,0,0,6140,0,0,0,30612,0,0
5,156635939,rs1432709261,A,G,gnomAD Exomes,PASS,NA,ENST00000422843.3,p.Ile60Val,p.Ile60Val,60,I,V,c.178A>G,missense_variant,,,,1,251334,3.97877E-06,0,0,0,16256,0,0,0,34586,0,0,0,10074,0,0,1,18366,0,0,0,21648,0,0,0,113652,0,0,0,6138,0,0,0,30614,0,0
5,156635942,rs750736839,A,G,gnomAD Exomes,PASS,NA,ENST00000422843.3,p.Lys61Glu,p.Lys61Glu,61,K,E,c.181A>G,missense_variant,,,,1,251332,3.9788E-06,0,0,1,16256,0,0,0,34584,0,0,0,10074,0,0,0,18366,0,0,0,21648,0,0,0,113650,0,0,0,6140,0,0,0,30614,0,0
5,156635952,rs1360874103,A,T,gnomAD Exomes,PASS,NA,ENST00000422843.3,p.Glu64Val,p.Glu64Val,64,E,V,c.191A>T,missense_variant,,,,1,251346,3.97858E-06,0,0,0,16256,0,0,0,34588,0,0,0,10076,0,0,0,18366,0,0,0,21648,0,0,1,113660,0,0,0,6140,0,0,0,30612,0,0
5,156635954,rs758696074,A,T,gnomAD Exomes,PASS,NA,ENST00000422843.3,p.Ile65Phe,p.Ile65Phe,65,I,F,c.193A>T,missense_variant,,,,1,251340,3.97867E-06,0,0,0,16256,0,0,0,34588,0,0,0,10074,0,0,0,18366,0,0,0,21648,0,0,0,113656,0,0,0,6140,0,0,1,30612,0,0
5,156635955,rs1286793954,T,C,gnomAD Exomes,PASS,NA,ENST00000422843.3,p.Ile65Thr,p.Ile65Thr,65,I,T,c.194T>C,missense_variant,Uncertain significance,1047133,,1,251350,3.97852E-06,0,0,0,16256,0,0,1,34590,0,0,0,10076,0,0,0,18364,0,0,0,21648,0,0,0,113664,0,0,0,6140,0,0,0,30612,0,0
5,156635970,rs1360825341,T,C,gnomAD Exomes,PASS,NA,ENST00000422843.3,p.Ile70Thr,p.Ile70Thr,70,I,T,c.209T>C,missense_variant,,,,1,251324,3.97893E-06,0,0,0,16252,0,0,0,34590,0,0,0,10076,0,0,1,18360,0,0,0,21648,0,0,0,113650,0,0,0,6138,0,0,0,30610,0,0
5,156635973,rs1386860362,G,A,gnomAD Exomes,PASS,NA,ENST00000422843.3,p.Ser71Asn,p.Ser71Asn,71,S,N,c.212G>A,missense_variant,Uncertain significance,1008736,,1,251312,3.97912E-06,0,0,0,16254,0,0,0,34588,0,0,0,10074,0,0,0,18364,0,0,0,21648,0,0,0,113636,0,0,0,6138,0,0,1,30610,0,0
5,156635975,rs1302681288,A,G,gnomAD Exomes,PASS,NA,ENST00000422843.3,p.Ile72Val,p.Ile72Val,72,I,V,c.214A>G,missense_variant,,,,1,251316,3.97905E-06,0,0,0,16254,0,0,0,34590,0,0,0,10074,0,0,0,18364,0,0,0,21648,0,0,1,113640,0,0,0,6138,0,0,0,30608,0,0
5,156635979,rs780078290,C,T,gnomAD Exomes,PASS,NA,ENST00000422843.3,p.Pro73Leu,p.Pro73Leu,73,P,L,c.218C>T,missense_variant,,,,2,251296,7.95874E-06,0,0,0,16250,0,0,0,34590,0,0,0,10074,0,0,1,18364,0,0,1,21646,0,0,0,113624,0,0,0,6138,0,0,0,30610,0,0
5,156635979,rs780078290,C,A,gnomAD Exomes,PASS,NA,ENST00000422843.3,p.Pro73Gln,p.Pro73Gln,73,P,Q,c.218C>A,missense_variant,,,,1,251296,3.97937E-06,0,0,0,16250,0,0,0,34590,0,0,0,10074,0,0,0,18364,0,0,0,21646,0,0,0,113624,0,0,0,6138,0,0,1,30610,0,0
5,156635997,rs770772353,C,T,gnomAD Exomes,PASS,NA,ENST00000422843.3,p.Pro79Leu,p.Pro79Leu,79,P,L,c.236C>T,missense_variant,,,,3,251208,1.19423E-05,0,0,0,16250,0,0,0,34586,0,0,0,10066,0,0,0,18350,0,0,3,21648,0,0,0,113570,0,0,0,6134,0,0,0,30604,0,0
5,156638317,rs1334373357,T,A,gnomAD Exomes,PASS,NA,ENST00000422843.3,p.Leu88His,p.Leu88His,88,L,H,c.263T>A,missense_variant,,,,1,251360,3.97836E-06,0,0,0,16256,0,0,0,34590,0,0,0,10076,0,0,0,18390,0,0,0,21644,0,0,1,113654,0,0,0,6134,0,0,0,30616,0,0
5,156638332,rs1232203792,C,T,gnomAD Exomes,PASS,NA,ENST00000422843.3,p.Ala93Val,p.Ala93Val,93,A,V,c.278C>T,missense_variant,,,,1,251388,3.97791E-06,0,0,0,16256,0,0,1,34590,0,0,0,10078,0,0,0,18394,0,0,0,21646,0,0,0,113672,0,0,0,6136,0,0,0,30616,0,0
5,156638340,rs372181411,C,G,gnomAD Exomes,PASS,NA,ENST00000422843.3,p.Arg96Gly,p.Arg96Gly,96,R,G,c.286C>G,missense_variant,Uncertain significance,1509448,,1,251390,3.97788E-06,0,0,0,16256,0,0,0,34590,0,0,0,10076,0,0,0,18392,0,0,0,21642,0,0,1,113684,0,0,0,6134,0,0,0,30616,0,0
5,156638340,rs372181411,C,T,gnomAD Exomes,PASS,NA,ENST00000422843.3,p.Arg96Cys,p.Arg96Cys,96,R,C,c.286C>T,missense_variant,Uncertain significance,840048,,5,251390,1.98894E-05,0,0,3,16256,0,0,1,34590,0,0,0,10076,0,0,0,18392,0,0,0,21642,0,0,0,113684,0,0,0,6134,0,0,1,30616,0,0
5,156638341,rs751865122,G,C,gnomAD Exomes,PASS,NA,ENST00000422843.3,p.Arg96Pro,p.Arg96Pro,96,R,P,c.287G>C,missense_variant,Uncertain significance,352460,,11,251400,4.3755E-05,0,0,0,16256,0,0,1,34590,0,0,0,10076,0,0,0,18392,0,0,0,21642,0,0,10,113694,0,0,0,6134,0,0,0,30616,0,0
5,156638341,rs751865122,G,A,gnomAD Exomes,PASS,NA,ENST00000422843.3,p.Arg96His,p.Arg96His,96,R,H,c.287G>A,missense_variant,Uncertain significance,934494,,5,251400,1.98886E-05,0,0,0,16256,0,0,0,34590,0,0,0,10076,0,0,1,18392,0,0,0,21642,0,0,4,113694,0,0,0,6134,0,0,0,30616,0,0
5,156638355,rs767660056,C,T,gnomAD Exomes,PASS,NA,ENST00000422843.3,p.Arg101Cys,p.Arg101Cys,101,R,C,c.301C>T,missense_variant,,,,2,251396,7.95558E-06,0,0,0,16256,0,0,0,34592,0,0,0,10074,0,0,0,18392,0,0,0,21644,0,0,2,113690,0,0,0,6132,0,0,0,30616,0,0
5,156638356,rs752789103,G,A,gnomAD Exomes,PASS,NA,ENST00000422843.3,p.Arg101His,p.Arg101His,101,R,H,c.302G>A,missense_variant,Uncertain significance,1382169,,3,251378,1.19342E-05,0,0,0,16256,0,0,0,34592,0,0,0,10072,0,0,0,18390,0,0,0,21636,0,0,2,113684,0,0,0,6132,0,0,1,30616,0,0
5,156638361,rs778856924,G,A,gnomAD Exomes,PASS,NA,ENST00000422843.3,p.Val103Met,p.Val103Met,103,V,M,c.307G>A,missense_variant,Uncertain significance,1404585,,9,251408,3.57984E-05,0,0,0,16256,0,0,8,34592,0,0,1,10072,0,0,0,18390,0,0,0,21642,0,0,0,113704,0,0,0,6136,0,0,0,30616,0,0
5,156638377,rs150470437,A,G,gnomAD Exomes,PASS,NA,ENST00000422843.3,p.Glu108Gly,p.Glu108Gly,108,E,G,c.323A>G,missense_variant,Uncertain significance,1044513,,3,251390,1.19336E-05,0,0,1,16256,0,0,0,34592,0,0,0,10076,0,0,0,18390,0,0,0,21640,0,0,2,113686,0,0,0,6134,0,0,0,30616,0,0
5,156641205,rs778357395,C,T,gnomAD Exomes,PASS,NA,ENST00000422843.3,p.Thr110Met,p.Thr110Met,110,T,M,c.329C>T,missense_variant,Uncertain significance,942730,,4,251346,1.59143E-05,0,0,0,16256,0,0,0,34588,0,0,0,10076,0,0,0,18386,0,0,0,21644,0,0,1,113646,0,0,0,6134,0,0,3,30616,0,0
5,156641208,rs1273395485,G,A,gnomAD Exomes,PASS,NA,ENST00000422843.3,p.Arg111Lys,p.Arg111Lys,111,R,K,c.332G>A,missense_variant,,,,1,251356,3.97842E-06,0,0,0,16256,0,0,0,34588,0,0,0,10078,0,0,0,18386,0,0,0,21648,0,0,1,113650,0,0,0,6134,0,0,0,30616,0,0
5,156641212,rs748766592,T,G,gnomAD Exomes,PASS,NA,ENST00000422843.3,p.Asn112Lys,p.Asn112Lys,112,N,K,c.336T>G,missense_variant,,,,1,251370,3.9782E-06,0,0,1,16256,0,0,0,34588,0,0,0,10078,0,0,0,18388,0,0,0,21648,0,0,0,113660,0,0,0,6136,0,0,0,30616,0,0
5,156641212,rs748766592,T,A,gnomAD Exomes,PASS,NA,ENST00000422843.3,p.Asn112Lys,p.Asn112Lys,112,N,K,c.336T>A,missense_variant,,,,1,251370,3.9782E-06,0,0,0,16256,0,0,0,34588,0,0,0,10078,0,0,0,18388,0,0,0,21648,0,0,0,113660,0,0,0,6136,0,0,1,30616,0,0
5,156641220,rs759851827,G,A,gnomAD Exomes,PASS,NA,ENST00000422843.3,p.Ser115Asn,p.Ser115Asn,115,S,N,c.344G>A,missense_variant,Uncertain significance,1362779,,5,251354,1.98923E-05,0,0,0,16256,0,0,5,34588,0,0,0,10078,0,0,0,18388,0,0,0,21648,0,0,0,113644,0,0,0,6136,0,0,0,30616,0,0
5,156641229,rs1252936560,C,G,gnomAD Exomes,PASS,NA,ENST00000422843.3,p.Pro118Arg,p.Pro118Arg,118,P,R,c.353C>G,missense_variant,,,,2,251340,7.95735E-06,0,0,0,16256,0,0,0,34586,0,0,0,10078,0,0,0,18386,0,0,0,21648,0,0,2,113634,0,0,0,6136,0,0,0,30616,0,0
5,156641232,rs577305220,A,G,gnomAD Exomes,PASS,NA,ENST00000422843.3,p.Lys119Arg,p.Lys119Arg,119,R,R,c.356A>G,missense_variant,Likely benign,934760,,25,251332,9.947E-05,0,0,0,16256,0,0,24,34586,0,0,0,10076,0,0,0,18386,0,0,0,21648,0,0,0,113628,0,0,1,6136,0,0,0,30616,0,0
5,156641237,rs1184462360,C,T,gnomAD Exomes,PASS,NA,ENST00000422843.3,p.His121Tyr,p.His121Tyr,121,R,Y,c.361C>T,missense_variant,,,,1,251350,3.97852E-06,0,0,0,16256,0,0,0,34586,0,0,0,10076,0,0,1,18390,0,0,0,21648,0,0,0,113642,0,0,0,6136,0,0,0,30616,0,0
5,156641255,rs1164090663,G,T,gnomAD Exomes,PASS,NA,ENST00000422843.3,p.Asp127Tyr,p.Asp127Tyr,127,D,Y,c.379G>T,missense_variant,,,,1,251346,3.97858E-06,0,0,0,16256,0,0,0,34584,0,0,0,10074,0,0,0,18390,0,0,0,21648,0,0,1,113644,0,0,0,6134,0,0,0,30616,0,0
5,156641283,rs540238373,T,C,gnomAD Exomes,PASS,NA,ENST00000422843.3,p.Leu136Pro,p.Leu136Pro,136,L,P,c.407T>C,missense_variant,Uncertain significance,940441,,9,251312,3.58121E-05,0,0,0,16256,0,0,4,34586,0,0,0,10078,0,0,0,18382,0,0,0,21648,0,0,5,113612,0,0,0,6134,0,0,0,30616,0,0
5,156641310,rs372432770,A,C,gnomAD Exomes,PASS,NA,ENST00000422843.3,p.Gln145Pro,p.Gln145Pro,145,Q,P,c.434A>C,missense_variant,,,,1,251236,3.98032E-06,0,0,0,16256,0,0,0,34578,0,0,0,10070,0,0,0,18380,0,0,0,21648,0,0,1,113558,0,0,0,6130,0,0,0,30616,0,0
5,156641310,rs372432770,A,G,gnomAD Exomes,PASS,NA,ENST00000422843.3,p.Gln145Arg,p.Gln145Arg,145,Q,R,c.434A>G,missense_variant,Uncertain significance,1356648,,9,251236,3.58229E-05,0,0,0,16256,0,0,0,34578,0,0,0,10070,0,0,9,18380,0,0,0,21648,0,0,0,113558,0,0,0,6130,0,0,0,30616,0,0
5,156641326,rs755833813,G,C,gnomAD Exomes,PASS,NA,ENST00000422843.3,p.Lys150Asn,p.Lys150Asn,150,K,N,c.450G>C,missense_variant,Uncertain significance,1039448,,3,251202,1.19426E-05,0,0,0,16256,0,0,2,34576,0,0,0,10070,0,0,0,18378,0,0,0,21648,0,0,1,113532,0,0,0,6126,0,0,0,30616,0,0
5,156644882,rs759542045,A,G,gnomAD Exomes,PASS,NA,ENST00000422843.3,p.Lys154Glu,p.Lys154Glu,154,K,E,c.460A>G,missense_variant,,,,4,251292,1.59177E-05,1,0,0,16256,0,0,2,34588,1,0,0,10072,0,0,0,18390,0,0,0,21648,0,0,0,113590,0,0,2,6132,0,0,0,30616,0,0
5,156644888,rs767495164,C,G,gnomAD Exomes,PASS,NA,ENST00000422843.3,p.Pro156Ala,p.Pro156Ala,156,P,A,c.466C>G,missense_variant,,,,2,251310,7.9583E-06,0,0,0,16256,0,0,0,34586,0,0,0,10074,0,0,0,18392,0,0,0,21646,0,0,2,113606,0,0,0,6134,0,0,0,30616,0,0
5,156644894,rs752554340,C,T,gnomAD Exomes,PASS,NA,ENST00000422843.3,p.Pro158Ser,p.Pro158Ser,158,P,S,c.472C>T,missense_variant,,,,1,251310,3.97915E-06,0,0,0,16256,0,0,0,34588,0,0,0,10072,0,0,0,18394,0,0,0,21646,0,0,1,113606,0,0,0,6132,0,0,0,30616,0,0
5,156644897,rs763687781,C,T,gnomAD Exomes,PASS,NA,ENST00000422843.3,p.Pro159Ser,p.Pro159Ser,159,P,S,c.475C>T,missense_variant,,,,1,251322,3.97896E-06,0,0,0,16256,0,0,0,34588,0,0,0,10076,0,0,0,18394,0,0,0,21648,0,0,1,113612,0,0,0,6132,0,0,0,30616,0,0
5,156644915,rs753499830,A,G,gnomAD Exomes,PASS,NA,ENST00000422843.3,p.Arg165Gly,p.Arg165Gly,165,R,G,c.493A>G,missense_variant,,,,1,251318,3.97902E-06,0,0,0,16256,0,0,0,34588,0,0,0,10074,0,0,0,18394,0,0,0,21646,0,0,1,113614,0,0,0,6132,0,0,0,30614,0,0
5,156644916,rs756769858,G,A,gnomAD Exomes,PASS,NA,ENST00000422843.3,p.Arg165Lys,p.Arg165Lys,165,R,K,c.494G>A,missense_variant,,,,2,251334,7.95754E-06,0,0,2,16256,0,0,0,34588,0,0,0,10072,0,0,0,18394,0,0,0,21648,0,0,0,113628,0,0,0,6134,0,0,0,30614,0,0
5,156644917,rs533252659,G,T,gnomAD Exomes,PASS,NA,ENST00000422843.3,p.Arg165Ser,p.Arg165Ser,165,R,S,c.495G>T,missense_variant,Uncertain significance,654225,,1,251296,3.97937E-06,0,0,0,16256,0,0,0,34586,0,0,0,10074,0,0,1,18392,0,0,0,21648,0,0,0,113592,0,0,0,6132,0,0,0,30616,0,0
5,156644917,rs533252659,G,C,gnomAD Exomes,PASS,NA,ENST00000422843.3,p.Arg165Ser,p.Arg165Ser,165,R,S,c.495G>C,missense_variant,,,,1,251296,3.97937E-06,0,0,0,16256,0,0,0,34586,0,0,0,10074,0,0,0,18392,0,0,0,21648,0,0,1,113592,0,0,0,6132,0,0,0,30616,0,0
5,156649874,rs760650238,G,A,gnomAD Exomes,PASS,NA,ENST00000422843.3,p.Arg166Gln,p.Arg166Gln,166,R,Q,c.497G>A,missense_variant,,,,3,251360,1.19351E-05,0,0,0,16252,0,0,2,34590,0,0,0,10072,0,0,0,18380,0,0,0,21646,0,0,0,113668,0,0,0,6136,0,0,1,30616,0,0
5,156649877,rs377443972,C,A,gnomAD Exomes,PASS,NA,ENST00000422843.3,p.Pro167Gln,p.Pro167Gln,167,P,Q,c.500C>A,missense_variant,,,,1,251388,3.97791E-06,0,0,0,16254,0,0,0,34590,0,0,0,10076,0,0,0,18380,0,0,0,21644,0,0,0,113690,0,0,0,6138,0,0,1,30616,0,0
5,156649877,rs377443972,C,T,gnomAD Exomes,PASS,NA,ENST00000422843.3,p.Pro167Leu,p.Pro167Leu,167,P,L,c.500C>T,missense_variant,,,,1,251388,3.97791E-06,0,0,1,16254,0,0,0,34590,0,0,0,10076,0,0,0,18380,0,0,0,21644,0,0,0,113690,0,0,0,6138,0,0,0,30616,0,0
5,156649889,rs776493663,C,T,gnomAD Exomes,PASS,NA,ENST00000422843.3,p.Pro171Leu,p.Pro171Leu,167,P,L,c.512C>T,missense_variant,Likely benign,1457163,,11,251392,4.37564E-05,0,0,0,16256,0,0,0,34590,0,0,0,10076,0,0,11,18384,0,0,0,21648,0,0,0,113686,0,0,0,6136,0,0,0,30616,0,0
5,156649895,rs1254827359,A,G,gnomAD Exomes,PASS,NA,ENST00000422843.3,p.Glu173Gly,p.Glu173Gly,173,E,G,c.518A>G,missense_variant,,,,1,251402,3.97769E-06,0,0,0,16256,0,0,0,34588,0,0,0,10076,0,0,1,18386,0,0,0,21648,0,0,0,113696,0,0,0,6136,0,0,0,30616,0,0
5,156649903,rs1452423111,G,A,gnomAD Exomes,PASS,NA,ENST00000422843.3,p.Val176Ile,p.Val176Ile,176,V,I,c.526G>A,missense_variant,Uncertain significance,665307,,1,251410,3.97757E-06,0,0,0,16256,0,0,0,34590,0,0,0,10078,0,0,0,18384,0,0,0,21648,0,0,1,113702,0,0,0,6136,0,0,0,30616,0,0
5,156649904,rs761462022,T,G,gnomAD Exomes,PASS,NA,ENST00000422843.3,p.Val176Gly,p.Val176Gly,176,V,G,c.527T>G,missense_variant,,,,7,251416,2.78423E-05,0,0,0,16256,0,0,0,34588,0,0,0,10078,0,0,0,18386,0,0,0,21648,0,0,7,113708,0,0,0,6136,0,0,0,30616,0,0
5,156649936,rs1156578676,C,T,gnomAD Exomes,PASS,NA,ENST00000422843.3,p.Pro187Ser,p.Pro187Ser,187,P,S,c.559C>T,missense_variant,Uncertain significance,1694290,,4,251408,1.59104E-05,0,0,0,16256,0,0,0,34586,0,0,0,10078,0,0,2,18392,0,0,0,21646,0,0,1,113696,0,0,1,6138,0,0,0,30616,0,0
5,156649945,rs1410759113,C,A,gnomAD Exomes,PASS,NA,ENST00000422843.3,p.Leu190Ile,p.Leu190Ile,190,L,I,c.568C>A,missense_variant,,,,1,251402,3.97769E-06,0,0,0,16256,0,0,0,34582,0,0,0,10078,0,0,1,18390,0,0,0,21646,0,0,0,113698,0,0,0,6136,0,0,0,30616,0,0
5,156649948,rs534229766,G,T,gnomAD Exomes,PASS,NA,ENST00000422843.3,p.Ala191Ser,p.Ala191Ser,191,A,S,c.571G>T,missense_variant,,,,1,251386,3.97795E-06,0,0,0,16256,0,0,0,34586,0,0,0,10072,0,0,1,18390,0,0,0,21646,0,0,0,113682,0,0,0,6138,0,0,0,30616,0,0
5,156649948,rs534229766,G,A,gnomAD Exomes,PASS,NA,ENST00000422843.3,p.Ala191Thr,p.Ala191Thr,191,A,T,c.571G>A,missense_variant,Uncertain significance,352463,,21,251386,8.35369E-05,0,0,3,16256,0,0,3,34586,0,0,0,10072,0,0,8,18390,0,0,0,21646,0,0,1,113682,0,0,2,6138,0,0,4,30616,0,0
5,156649954,rs765859749,C,T,gnomAD Exomes,PASS,NA,ENST00000422843.3,p.Arg193Trp,p.Arg193Trp,193,R,W,c.577C>T,missense_variant,,,,5,251388,1.98896E-05,0,0,3,16256,0,0,0,34584,0,0,0,10072,0,0,0,18388,0,0,0,21646,0,0,2,113688,0,0,0,6138,0,0,0,30616,0,0
5,156649955,rs17054374,G,A,gnomAD Exomes,PASS,NA,ENST00000422843.3,p.Arg193Gln,p.Arg193Gln,193,R,Q,c.578G>A,missense_variant,Benign/Likely benign,352464,,246,251378,0.000978606,1,0,194,16256,0,0,27,34586,0,0,0,10072,0,0,4,18384,0,0,0,21646,0,0,8,113680,0,0,10,6138,1,0,3,30616,0,0
5,156649957,rs146738280,C,T,gnomAD Exomes,PASS,NA,ENST00000422843.3,p.Arg194Cys,p.Arg194Cys,194,R,C,c.580C>T,missense_variant,Uncertain significance,1364548,,1,251382,3.97801E-06,0,0,0,16256,0,0,0,34586,0,0,0,10072,0,0,0,18384,0,0,0,21646,0,0,0,113684,0,0,0,6138,0,0,1,30616,0,0
5,156649958,rs755761978,G,A,gnomAD Exomes,PASS,NA,ENST00000422843.3,p.Arg194His,p.Arg194His,194,R,H,c.581G>A,missense_variant,Uncertain significance,836277,,6,251380,2.38682E-05,0,0,0,16256,0,0,0,34586,0,0,1,10072,0,0,4,18390,0,0,0,21646,0,0,1,113676,0,0,0,6138,0,0,0,30616,0,0
5,156649960,rs908186279,A,C,gnomAD Exomes,PASS,NA,ENST00000422843.3,p.Asn195His,p.Asn195His,195,N,H,c.583A>C,missense_variant,Uncertain significance,2113047,,1,251388,3.97791E-06,0,0,0,16256,0,0,0,34590,0,0,0,10074,0,0,0,18386,0,0,0,21648,0,0,0,113680,0,0,0,6138,0,0,1,30616,0,0
5,156649963,rs777670016,G,A,gnomAD Exomes,PASS,NA,ENST00000422843.3,p.Glu196Lys,p.Glu196Lys,196,E,K,c.586G>A,missense_variant,Uncertain significance,1002737,,4,251392,1.59114E-05,0,0,0,16256,0,0,1,34586,0,0,0,10076,0,0,0,18386,0,0,0,21648,0,0,0,113686,0,0,0,6138,0,0,3,30616,0,0
5,156649968,rs749116685,G,C,gnomAD Exomes,PASS,NA,ENST00000422843.3,p.Glu197Asp,p.Glu197Asp,197,E,D,c.591G>C,missense_variant,,,,1,251396,3.97779E-06,0,0,0,16256,0,0,0,34588,0,0,0,10074,0,0,0,18390,0,0,0,21648,0,0,1,113688,0,0,0,6136,0,0,0,30616,0,0
5,156649973,rs770931674,G,A,gnomAD Exomes,PASS,NA,ENST00000422843.3,p.Cys199Tyr,p.Cys199Tyr,199,C,Y,c.596G>A,missense_variant,,,,1,251394,3.97782E-06,0,0,0,16256,0,0,0,34590,0,0,0,10074,0,0,0,18388,0,0,0,21648,0,0,1,113686,0,0,0,6136,0,0,0,30616,0,0
5,156649976,rs778995588,T,G,gnomAD Exomes,PASS,NA,ENST00000422843.3,p.Leu200Arg,p.Leu200Arg,200,L,R,c.599T>G,missense_variant,,,,1,251398,3.97776E-06,0,0,0,16256,0,0,0,34590,0,0,0,10072,0,0,0,18388,0,0,0,21648,0,0,0,113694,0,0,0,6134,0,0,1,30616,0,0
5,156649984,rs776618447,A,G,gnomAD Exomes,PASS,NA,ENST00000422843.3,p.Ser203Gly,p.Ser203Gly,203,S,G,c.607A>G,missense_variant,,,,1,251404,3.97766E-06,0,0,0,16256,0,0,0,34590,0,0,0,10070,0,0,0,18390,0,0,0,21648,0,0,1,113702,0,0,0,6132,0,0,0,30616,0,0
5,156649985,rs762058624,G,A,gnomAD Exomes,PASS,NA,ENST00000422843.3,p.Ser203Asn,p.Ser203Asn,203,S,N,c.608G>A,missense_variant,,,,2,251412,7.95507E-06,0,0,0,16256,0,0,2,34590,0,0,0,10072,0,0,0,18392,0,0,0,21648,0,0,0,113704,0,0,0,6134,0,0,0,30616,0,0
5,156649993,rs371700137,A,G,gnomAD Exomes,PASS,NA,ENST00000422843.3,p.Ile206Val,p.Ile206Val,206,I,V,c.616A>G,missense_variant,,,,1,251406,3.97763E-06,0,0,1,16256,0,0,0,34590,0,0,0,10072,0,0,0,18390,0,0,0,21648,0,0,0,113700,0,0,0,6134,0,0,0,30616,0,0
5,156649998,rs757871566,CTGG,C,gnomAD Exomes,PASS,NA,ENST00000422843.3,p.Trp209del,p.Trp209del,209,W,-,c.625_627delTGG,inframe_deletion,Uncertain significance,352465,,2,251402,7.95539E-06,0,0,0,16256,0,0,0,34590,0,0,2,10072,0,0,0,18392,0,0,0,21648,0,0,0,113694,0,0,0,6134,0,0,0,30616,0,0
5,156649999,rs1404212440,T,C,gnomAD Exomes,PASS,NA,ENST00000422843.3,p.Trp208Arg,p.Trp208Arg,208,W,R,c.622T>C,missense_variant,,,,1,251400,3.97772E-06,0,0,0,16256,0,0,0,34590,0,0,0,10072,0,0,0,18394,0,0,0,21648,0,0,1,113690,0,0,0,6134,0,0,0,30616,0,0
5,156650008,rs142038079,G,C,gnomAD Exomes,PASS,NA,ENST00000422843.3,p.Val211Leu,p.Val211Leu,211,V,L,c.631G>C,missense_variant,Conflicting interpretations of pathogenicity,540358,,19,251400,7.55768E-05,0,0,19,16256,0,0,0,34592,0,0,0,10074,0,0,0,18390,0,0,0,21648,0,0,0,113692,0,0,0,6134,0,0,0,30614,0,0
5,156655314,rs774619675,G,C,gnomAD Exomes,PASS,NA,ENST00000422843.3,p.Gly219Ala,p.Gly219Ala,219,G,A,c.656G>C,missense_variant,Uncertain significance,1995756,,1,251230,3.98042E-06,0,0,0,16208,0,0,0,34580,0,0,0,10076,0,0,0,18388,0,0,0,21636,0,0,1,113614,0,0,0,6118,0,0,0,30610,0,0
5,156655314,rs774619675,G,T,gnomAD Exomes,PASS,NA,ENST00000422843.3,p.Gly219Val,p.Gly219Val,219,G,V,c.656G>T,missense_variant,,,,1,251230,3.98042E-06,0,0,0,16208,0,0,0,34580,0,0,0,10076,0,0,0,18388,0,0,0,21636,0,0,1,113614,0,0,0,6118,0,0,0,30610,0,0
5,156655325,rs200825710,A,G,gnomAD Exomes,PASS,NA,ENST00000422843.3,p.Ser223Gly,p.Ser223Gly,223,S,G,c.667A>G,missense_variant,Uncertain significance,658392,,7,251272,2.78583E-05,1,0,0,16218,0,0,6,34582,1,0,0,10078,0,0,0,18392,0,0,0,21638,0,0,1,113630,0,0,0,6122,0,0,0,30612,0,0
5,156655332,rs201567966,A,G,gnomAD Exomes,PASS,NA,ENST00000422843.3,p.Tyr225Cys,p.Tyr225Cys,225,Y,C,c.674A>G,missense_variant,Uncertain significance,642717,,1,251266,3.97985E-06,0,0,0,16220,0,0,0,34582,0,0,1,10078,0,0,0,18390,0,0,0,21638,0,0,0,113630,0,0,0,6122,0,0,0,30606,0,0
5,156655340,rs1212735628,G,A,gnomAD Exomes,PASS,NA,ENST00000422843.3,p.Glu228Lys,p.Glu228Lys,228,E,K,c.682G>A,missense_variant,,,,1,251242,3.98023E-06,0,0,0,16212,0,0,0,34582,0,0,0,10078,0,0,0,18392,0,0,0,21638,0,0,1,113610,0,0,0,6120,0,0,0,30610,0,0
5,156655365,rs753524613,C,A,gnomAD Exomes,PASS,NA,ENST00000422843.3,p.Thr236Asn,p.Thr236Asn,236,T,N,c.707C>A,missense_variant,,,,2,251138,7.96375E-06,0,0,0,16198,0,0,0,34578,0,0,0,10076,0,0,0,18378,0,0,0,21638,0,0,0,113552,0,0,0,6118,0,0,2,30600,0,0
5,156655370,rs1215926130,G,A,gnomAD Exomes,PASS,NA,ENST00000422843.3,p.Glu238Lys,p.Glu238Lys,238,E,K,c.712G>A,missense_variant,,,,1,251068,3.98298E-06,0,0,0,16188,0,0,0,34574,0,0,0,10076,0,0,1,18370,0,0,0,21638,0,0,0,113512,0,0,0,6112,0,0,0,30598,0,0
5,156659351,rs1456788791,T,G,gnomAD Exomes,PASS,NA,ENST00000422843.3,p.Trp239Gly,p.Trp239Gly,239,T,G,c.715T>G,missense_variant,,,,1,250448,3.99284E-06,0,0,0,16168,0,0,0,34470,0,0,0,10056,0,0,1,18342,0,0,0,21594,0,0,0,113184,0,0,0,6104,0,0,0,30530,0,0
5,156659358,,A,G,gnomAD Exomes,PASS,NA,ENST00000422843.3,p.Asn241Ser,p.Asn241Ser,241,N,S,c.722A>G,missense_variant,,,,1,250574,3.99084E-06,0,0,0,16186,0,0,0,34486,0,0,0,10056,0,0,0,18350,0,0,0,21606,0,0,1,113240,0,0,0,6108,0,0,0,30542,0,0
5,156659361,rs761513530,A,G,gnomAD Exomes,PASS,NA,ENST00000422843.3,p.Lys242Arg,p.Lys242Arg,242,K,R,c.725A>G,missense_variant,Uncertain significance,540356,,6,250596,2.39429E-05,0,0,0,16182,0,0,0,34492,0,0,0,10056,0,0,0,18348,0,0,0,21604,0,0,6,113258,0,0,0,6106,0,0,0,30550,0,0
5,156659363,rs1442950018,A,T,gnomAD Exomes,PASS,NA,ENST00000422843.3,p.Ser243Cys,p.Ser243Cys,243,S,C,c.727A>T,missense_variant,,,,2,250582,7.98142E-06,0,0,0,16186,0,0,0,34488,0,0,0,10054,0,0,0,18346,0,0,0,21606,0,0,2,113248,0,0,0,6106,0,0,0,30548,0,0
5,156659364,rs764814711,G,A,gnomAD Exomes,PASS,NA,ENST00000422843.3,p.Ser243Asn,p.Ser243Asn,243,S,N,c.728G>A,missense_variant,,,,1,250572,3.99087E-06,0,0,0,16186,0,0,0,34488,0,0,0,10052,0,0,0,18350,0,0,0,21606,0,0,1,113230,0,0,0,6106,0,0,0,30554,0,0
5,156659382,rs577818321,C,G,gnomAD Exomes,PASS,NA,ENST00000422843.3,p.Ala249Gly,p.Ala249Gly,249,A,G,c.746C>G,missense_variant,,,,1,250376,3.99399E-06,0,0,0,16152,0,0,0,34486,0,0,0,10056,0,0,0,18332,0,0,0,21594,0,0,0,113114,0,0,0,6110,0,0,1,30532,0,0
5,156659393,rs766256818,C,A,gnomAD Exomes,PASS,NA,ENST00000422843.3,p.Leu253Ile,p.Leu253Ile,253,L,I,c.757C>A,missense_variant,,,,1,249658,4.00548E-06,0,0,0,16080,0,0,0,34450,0,0,0,10034,0,0,1,18314,0,0,0,21556,0,0,0,112684,0,0,0,6090,0,0,0,30450,0,0
5,156659400,rs145877465,A,T,gnomAD Exomes,PASS,NA,ENST00000422843.3,p.Asp255Val,p.Asp255Val,255,D,V,c.764A>T,missense_variant,,,,26,249042,0.0001044,0,0,0,16036,0,0,0,34406,0,0,0,10018,0,0,0,18284,0,0,4,21536,0,0,22,112300,0,0,0,6082,0,0,0,30380,0,0
5,156659403,rs115751349,C,T,gnomAD Exomes,PASS,NA,ENST00000422843.3,p.Thr256Ile,p.Thr256Ile,256,T,I,c.767C>T,missense_variant,Uncertain significance,540357,,39,248606,0.000156875,0,0,39,15996,0,0,0,34350,0,0,0,10010,0,0,0,18260,0,0,0,21512,0,0,0,112092,0,0,0,6072,0,0,0,30314,0,0
5,156665129,rs759419301,G,T,gnomAD Exomes,PASS,NA,ENST00000422843.3,p.Gly260Val,p.Gly260Val,260,G,V,c.779G>T,missense_variant,,,,1,251368,3.97823E-06,0,0,0,16256,0,0,0,34568,0,0,0,10078,0,0,0,18390,0,0,0,21646,0,0,0,113682,0,0,0,6134,0,0,1,30614,0,0
5,156665132,rs767455537,C,G,gnomAD Exomes,PASS,NA,ENST00000422843.3,p.Ala261Gly,p.Ala261Gly,261,A,G,c.782C>G,missense_variant,Uncertain significance,1435124,,1,251376,3.9781E-06,0,0,0,16256,0,0,0,34564,0,0,0,10078,0,0,0,18390,0,0,0,21646,0,0,0,113694,0,0,0,6132,0,0,1,30616,0,0
5,156665140,rs753847568,G,A,gnomAD Exomes,PASS,NA,ENST00000422843.3,p.Val264Ile,p.Val264Ile,264,V,I,c.790G>A,missense_variant,Uncertain significance,861874,,3,251386,1.19338E-05,0,0,0,16256,0,0,0,34568,0,0,0,10076,0,0,0,18388,0,0,0,21648,0,0,1,113706,0,0,0,6128,0,0,2,30616,0,0
5,156665165,rs1169561172,C,T,gnomAD Exomes,PASS,NA,ENST00000422843.3,p.Thr272Ile,p.Thr272Ile,272,I,I,c.815C>T,missense_variant,,,,1,251410,3.97757E-06,0,0,0,16256,0,0,0,34570,0,0,0,10078,0,0,0,18392,0,0,0,21648,0,0,0,113712,0,0,0,6138,0,0,1,30616,0,0
5,156665173,rs780522355,G,A,gnomAD Exomes,PASS,NA,ENST00000422843.3,p.Val275Met,p.Val275Met,275,V,M,c.823G>A,missense_variant,Uncertain significance,960571,,2,251392,7.9557E-06,0,0,1,16256,0,0,0,34570,0,0,0,10078,0,0,0,18392,0,0,0,21648,0,0,0,113698,0,0,0,6134,0,0,1,30616,0,0
5,156665189,rs1311334077,A,G,gnomAD Exomes,PASS,NA,ENST00000422843.3,p.Lys280Arg,p.Lys280Arg,280,K,R,c.839A>G,missense_variant,,,,1,251376,3.9781E-06,0,0,0,16254,0,0,0,34564,0,0,0,10076,0,0,0,18390,0,0,0,21646,0,0,1,113700,0,0,0,6132,0,0,0,30614,0,0
5,156665194,rs202191474,G,C,gnomAD Exomes,PASS,NA,ENST00000422843.3,p.Val282Leu,p.Val282Leu,282,V,L,c.844G>C,missense_variant,,,,1,251364,3.97829E-06,0,0,0,16254,0,0,0,34560,0,0,0,10076,0,0,0,18390,0,0,0,21648,0,0,0,113690,0,0,1,6132,0,0,0,30614,0,0
5,156665194,rs202191474,G,A,gnomAD Exomes,PASS,NA,ENST00000422843.3,p.Val282Ile,p.Val282Ile,282,V,I,c.844G>A,missense_variant,Uncertain significance,352468,,12,251364,4.77395E-05,0,0,0,16254,0,0,0,34560,0,0,0,10076,0,0,0,18390,0,0,0,21648,0,0,12,113690,0,0,0,6132,0,0,0,30614,0,0
5,156667072,rs766717239,T,A,gnomAD Exomes,PASS,NA,ENST00000422843.3,p.Ser284Arg,p.Ser284Arg,284,S,R,c.852T>A,missense_variant,,,,1,251046,3.98333E-06,0,0,0,16252,0,0,0,34556,0,0,0,10074,0,0,0,18376,0,0,0,21578,0,0,0,113482,0,0,0,6118,0,0,1,30610,0,0
5,156667078,rs141147698,C,A,gnomAD Exomes,PASS,NA,ENST00000422843.3,p.Asn286Lys,p.Asn286Lys,286,N,K,c.858C>A,missense_variant,Uncertain significance,2230468,,2,251066,7.96603E-06,0,0,0,16256,0,0,0,34562,0,0,0,10074,0,0,0,18378,0,0,0,21578,0,0,2,113492,0,0,0,6116,0,0,0,30610,0,0
5,156667079,rs748573843,A,G,gnomAD Exomes,PASS,NA,ENST00000422843.3,p.Asn287Asp,p.Asn287Asp,287,N,D,c.859A>G,missense_variant,Uncertain significance,1368474,,5,251118,1.9911E-05,0,0,0,16256,0,0,5,34564,0,0,0,10074,0,0,0,18380,0,0,0,21594,0,0,0,113518,0,0,0,6120,0,0,0,30612,0,0
5,156667085,rs756676468,T,C,gnomAD Exomes,PASS,NA,ENST00000422843.3,p.Cys289Arg,p.Cys289Arg,289,C,R,c.865T>C,missense_variant,,,,1,251150,3.98168E-06,0,0,0,16256,0,0,0,34570,0,0,0,10074,0,0,0,18382,0,0,0,21590,0,0,1,113542,0,0,0,6126,0,0,0,30610,0,0
5,156667088,rs150729024,A,T,gnomAD Exomes,PASS,NA,ENST00000422843.3,p.Ile290Leu,p.Ile290Leu,290,I,L,c.868A>T,missense_variant,Uncertain significance,1417228,,6,251174,2.38878E-05,0,0,1,16256,0,0,0,34570,0,0,0,10074,0,0,0,18384,0,0,0,21604,0,0,5,113550,0,0,0,6126,0,0,0,30610,0,0
5,156667088,rs150729024,A,G,gnomAD Exomes,PASS,NA,ENST00000422843.3,p.Ile290Val,p.Ile290Val,290,I,V,c.868A>G,missense_variant,Uncertain significance,2166181,,2,251174,7.96261E-06,0,0,0,16256,0,0,0,34570,0,0,0,10074,0,0,0,18384,0,0,0,21604,0,0,2,113550,0,0,0,6126,0,0,0,30610,0,0
5,156667106,rs1464355017,A,G,gnomAD Exomes,PASS,NA,ENST00000422843.3,p.Lys296Glu,p.Lys296Glu,296,K,E,c.886A>G,missense_variant,,,,1,251226,3.98048E-06,0,0,0,16256,0,0,0,34578,0,0,0,10074,0,0,0,18382,0,0,0,21620,0,0,1,113574,0,0,0,6128,0,0,0,30614,0,0
5,156667119,rs1194049024,A,G,gnomAD Exomes,PASS,NA,ENST00000422843.3,p.Asp300Gly,p.Asp300Gly,300,D,G,c.899A>G,missense_variant,,,,1,251320,3.97899E-06,0,0,0,16256,0,0,0,34582,0,0,0,10078,0,0,1,18390,0,0,0,21640,0,0,0,113630,0,0,0,6130,0,0,0,30614,0,0
5,156667124,rs1427060611,C,T,gnomAD Exomes,PASS,NA,ENST00000422843.3,p.Pro302Ser,p.Pro302Ser,302,P,S,c.904C>T,missense_variant,,,,1,251326,3.9789E-06,0,0,0,16256,0,0,0,34580,0,0,0,10076,0,0,0,18386,0,0,0,21642,0,0,1,113642,0,0,0,6130,0,0,0,30614,0,0
5,156667131,rs748842677,G,A,gnomAD Exomes,PASS,NA,ENST00000422843.3,p.Arg304Gln,p.Arg304Gln,304,R,Q,c.911G>A,missense_variant,,,,3,251314,1.19373E-05,0,0,0,16256,0,0,1,34578,0,0,0,10074,0,0,1,18384,0,0,0,21632,0,0,1,113644,0,0,0,6132,0,0,0,30614,0,0
5,156667133,rs770504605,T,C,gnomAD Exomes,PASS,NA,ENST00000422843.3,p.Tyr305His,p.Tyr305His,305,Y,H,c.913T>C,missense_variant,,,,2,251356,7.95684E-06,0,0,0,16256,0,0,0,34582,0,0,0,10076,0,0,0,18386,0,0,0,21644,0,0,0,113666,0,0,0,6132,0,0,2,30614,0,0
5,156667150,rs760485497,G,T,gnomAD Exomes,PASS,NA,ENST00000422843.3,p.Lys310Asn,p.Lys310Asn,310,Y,N,c.930G>T,missense_variant,,,,2,251330,7.95767E-06,0,0,0,16256,0,0,0,34582,0,0,0,10074,0,0,0,18384,0,0,0,21640,0,0,2,113648,0,0,0,6132,0,0,0,30614,0,0
5,156667155,rs764110831,T,C,gnomAD Exomes,PASS,NA,ENST00000422843.3,p.Val312Ala,p.Val312Ala,312,V,A,c.935T>C,missense_variant,Uncertain significance,1377843,,1,251316,3.97905E-06,0,0,0,16256,0,0,0,34580,0,0,0,10074,0,0,0,18380,0,0,0,21644,0,0,1,113634,0,0,0,6132,0,0,0,30616,0,0
5,156667160,rs138078237,G,A,gnomAD Exomes,PASS,NA,ENST00000422843.3,p.Asp314Asn,p.Asp314Asn,314,D,N,c.940G>A,missense_variant,Uncertain significance,1425153,,1,251298,3.97934E-06,0,0,0,16256,0,0,0,34582,0,0,0,10074,0,0,0,18382,0,0,0,21638,0,0,1,113618,0,0,0,6132,0,0,0,30616,0,0
5,156667160,rs138078237,G,C,gnomAD Exomes,PASS,NA,ENST00000422843.3,p.Asp314His,p.Asp314His,314,D,H,c.940G>C,missense_variant,Uncertain significance,956536,,39,251298,0.000155194,0,0,1,16256,0,0,1,34582,0,0,0,10074,0,0,0,18382,0,0,1,21638,0,0,36,113618,0,0,0,6132,0,0,0,30616,0,0
5,156667167,rs763088444,T,A,gnomAD Exomes,PASS,NA,ENST00000422843.3,p.Ile316Asn,p.Ile316Asn,316,I,N,c.947T>A,missense_variant,,,,1,251298,3.97934E-06,0,0,0,16256,0,0,0,34582,0,0,0,10074,0,0,0,18382,0,0,0,21644,0,0,1,113612,0,0,0,6132,0,0,0,30616,0,0
5,156667172,rs766625478,C,G,gnomAD Exomes,PASS,NA,ENST00000422843.3,p.Leu318Val,p.Leu318Val,318,L,V,c.952C>G,missense_variant,,,,2,251288,7.959E-06,0,0,0,16256,0,0,0,34582,0,0,0,10074,0,0,2,18382,0,0,0,21648,0,0,0,113598,0,0,0,6132,0,0,0,30616,0,0
5,156667175,rs1267529449,CTCA,C,gnomAD Exomes,PASS,NA,ENST00000422843.3,p.Ile320del,p.Ile320del,320,I,-,c.959_961delTCA,inframe_deletion,,,,1,251278,3.97966E-06,0,0,0,16256,0,0,0,34582,0,0,0,10074,0,0,0,18380,0,0,0,21646,0,0,1,113592,0,0,0,6132,0,0,0,30616,0,0
5,156667194,rs755292379,A,G,gnomAD Exomes,PASS,NA,ENST00000422843.3,p.His325Arg,p.His325Arg,325,H,R,c.974A>G,missense_variant,,,,1,251174,3.9813E-06,0,0,0,16256,0,0,0,34580,0,0,0,10072,0,0,0,18380,0,0,0,21644,0,0,1,113500,0,0,0,6128,0,0,0,30614,0,0
5,156667202,rs753127825,G,A,gnomAD Exomes,PASS,NA,ENST00000422843.3,p.Gly328Arg,p.Gly328Arg,328,G,R,c.982G>A,missense_variant,,,,2,251132,7.96394E-06,0,0,0,16256,0,0,1,34580,0,0,0,10070,0,0,1,18378,0,0,0,21630,0,0,0,113474,0,0,0,6128,0,0,0,30616,0,0
5,156668668,rs746701604,G,A,gnomAD Exomes,PASS,NA,ENST00000422843.3,p.Arg333Gln,p.Arg333Gln,333,R,Q,c.998G>A,missense_variant,,,,1,251320,3.97899E-06,0,0,0,16256,0,0,0,34574,0,0,0,10074,0,0,0,18386,0,0,0,21632,0,0,1,113650,0,0,0,6134,0,0,0,30614,0,0
5,156668674,rs546493307,G,A,gnomAD Exomes,PASS,NA,ENST00000422843.3,p.Arg335Gln,p.Arg335Gln,335,R,Q,c.1004G>A,missense_variant,Uncertain significance,941330,,6,251284,2.38774E-05,0,0,0,16256,0,0,0,34578,0,0,0,10072,0,0,0,18386,0,0,0,21628,0,0,5,113610,0,0,1,6138,0,0,0,30616,0,0
5,156668677,rs1344120880,A,G,gnomAD Exomes,PASS,NA,ENST00000422843.3,p.Tyr336Cys,p.Tyr336Cys,336,Y,C,c.1007A>G,missense_variant,,,,1,251352,3.97848E-06,0,0,1,16256,0,0,0,34582,0,0,0,10074,0,0,0,18390,0,0,0,21640,0,0,0,113654,0,0,0,6140,0,0,0,30616,0,0
5,156668703,rs1202690965,G,A,gnomAD Exomes,PASS,NA,ENST00000422843.3,p.Ala345Thr,p.Ala345Thr,345,A,T,c.1033G>A,missense_variant,,,,1,251252,3.98007E-06,0,0,0,16254,0,0,1,34582,0,0,0,10074,0,0,0,18388,0,0,0,21604,0,0,0,113604,0,0,0,6130,0,0,0,30616,0,0
5,156668730,rs886060327,G,A,gnomAD Exomes,PASS,NA,ENST00000422843.3,p.Gly354Arg,p.Gly354Arg,354,G,R,c.1060G>A,missense_variant,Uncertain significance,352470,os_lof,1,250996,3.98413E-06,0,0,0,16250,0,0,0,34570,0,0,0,10070,0,0,0,18366,0,0,0,21510,0,0,1,113500,0,0,0,6120,0,0,0,30610,0,0
5,156670641,rs772167595,G,A,gnomAD Exomes,PASS,NA,ENST00000422843.3,p.Val357Met,p.Val357Met,357,V,M,c.1069G>A,missense_variant,Uncertain significance,1366907,,6,251286,2.38772E-05,0,0,0,16256,0,0,0,34590,0,0,0,10076,0,0,0,18394,0,0,0,21648,0,0,5,113576,0,0,0,6130,0,0,1,30616,0,0
5,156670647,rs760908622,G,A,gnomAD Exomes,PASS,NA,ENST00000422843.3,p.Asp359Asn,p.Asp359Asn,359,D,N,c.1075G>A,missense_variant,,,,1,251288,3.9795E-06,0,0,0,16256,0,0,1,34590,0,0,0,10076,0,0,0,18394,0,0,0,21648,0,0,0,113576,0,0,0,6132,0,0,0,30616,0,0
5,156670653,rs768780225,T,G,gnomAD Exomes,PASS,NA,ENST00000422843.3,p.Ser361Ala,p.Ser361Ala,361,S,A,c.1081T>G,missense_variant,,,,1,251332,3.9788E-06,0,0,0,16256,0,0,0,34588,0,0,0,10076,0,0,0,18394,0,0,0,21648,0,0,0,113620,0,0,0,6134,0,0,1,30616,0,0
5,156670654,rs1031236089,C,T,gnomAD Exomes,PASS,NA,ENST00000422843.3,p.Ser361Leu,p.Ser361Leu,361,S,L,c.1082C>T,missense_variant,Uncertain significance,944136,,2,251332,7.9576E-06,0,0,0,16256,0,0,0,34588,0,0,0,10076,0,0,0,18394,0,0,0,21648,0,0,2,113620,0,0,0,6134,0,0,0,30616,0,0
5,156670663,rs1272727560,C,G,gnomAD Exomes,PASS,NA,ENST00000422843.3,p.Thr364Ser,p.Thr364Ser,364,T,S,c.1091C>G,missense_variant,,,,2,251348,7.9571E-06,0,0,0,16256,0,0,0,34584,0,0,0,10076,0,0,2,18394,0,0,0,21648,0,0,0,113638,0,0,0,6136,0,0,0,30616,0,0
5,156670666,rs762166678,T,G,gnomAD Exomes,PASS,NA,ENST00000422843.3,p.Phe365Cys,p.Phe365Cys,365,F,C,c.1094T>G,missense_variant,,,,1,251368,3.97823E-06,0,0,0,16256,0,0,0,34588,0,0,0,10078,0,0,0,18394,0,0,0,21648,0,0,1,113652,0,0,0,6136,0,0,0,30616,0,0
5,156670668,rs1228504835,G,A,gnomAD Exomes,PASS,NA,ENST00000422843.3,p.Val366Met,p.Val366Met,366,V,M,c.1096G>A,missense_variant,,,,1,251368,3.97823E-06,0,0,0,16256,0,0,0,34586,0,0,0,10076,0,0,1,18392,0,0,0,21648,0,0,0,113662,0,0,0,6132,0,0,0,30616,0,0
5,156670684,,G,A,gnomAD Exomes,PASS,NA,ENST00000422843.3,p.Ser371Asn,p.Ser371Asn,371,D,N,c.1112G>A,missense_variant,,,,1,251398,3.97776E-06,0,0,1,16256,0,0,0,34588,0,0,0,10076,0,0,0,18392,0,0,0,21648,0,0,0,113686,0,0,0,6136,0,0,0,30616,0,0
5,156670696,rs773691716,G,C,gnomAD Exomes,PASS,NA,ENST00000422843.3,p.Gly375Ala,p.Gly375Ala,375,G,A,c.1124G>C,missense_variant,,,,1,251404,3.97766E-06,0,0,0,16256,0,0,0,34590,0,0,0,10078,0,0,0,18390,0,0,0,21648,0,0,1,113690,0,0,0,6136,0,0,0,30616,0,0
5,156670702,rs1453699268,T,C,gnomAD Exomes,PASS,NA,ENST00000422843.3,p.Val377Ala,p.Val377Ala,377,V,A,c.1130T>C,missense_variant,,,,1,251416,3.97747E-06,0,0,0,16256,0,0,0,34588,0,0,0,10076,0,0,0,18392,0,0,0,21648,0,0,1,113702,0,0,0,6138,0,0,0,30616,0,0
5,156670704,rs1246381273,C,A,gnomAD Exomes,PASS,NA,ENST00000422843.3,p.His378Asn,p.His378Asn,378,H,N,c.1132C>A,missense_variant,,,,1,251410,3.97757E-06,0,0,0,16256,0,0,0,34590,0,0,0,10076,0,0,0,18392,0,0,0,21648,0,0,1,113696,0,0,0,6136,0,0,0,30616,0,0
5,156670705,rs751053755,A,G,gnomAD Exomes,PASS,NA,ENST00000422843.3,p.His378Arg,p.His378Arg,378,H,R,c.1133A>G,missense_variant,,,,5,251422,1.98869E-05,0,0,0,16256,0,0,0,34590,0,0,0,10078,0,0,0,18390,0,0,0,21648,0,0,3,113708,0,0,2,6136,0,0,0,30616,0,0
5,156670725,rs767083015,A,G,gnomAD Exomes,PASS,NA,ENST00000422843.3,p.Lys385Glu,p.Lys385Glu,385,K,E,c.1153A>G,missense_variant,Uncertain significance,579298,,3,251430,1.19318E-05,0,0,0,16256,0,0,0,34592,0,0,0,10078,0,0,0,18394,0,0,0,21648,0,0,0,113708,0,0,1,6138,0,0,2,30616,0,0
5,156670740,rs1406879932,A,G,gnomAD Exomes,PASS,NA,ENST00000422843.3,p.Ile390Val,p.Ile390Val,390,I,V,c.1168A>G,missense_variant,,,,1,251392,3.97785E-06,0,0,0,16256,0,0,0,34590,0,0,0,10076,0,0,0,18394,0,0,0,21648,0,0,0,113676,0,0,0,6136,0,0,1,30616,0,0
5,156670747,rs752466358,C,T,gnomAD Exomes,PASS,NA,ENST00000422843.3,p.Thr392Ile,p.Thr392Ile,392,T,I,c.1175C>T,missense_variant,,,,1,251368,3.97823E-06,0,0,0,16256,0,0,0,34590,0,0,0,10076,0,0,0,18394,0,0,0,21648,0,0,1,113654,0,0,0,6134,0,0,0,30616,0,0
5,156670752,rs202119873,C,T,gnomAD Exomes,PASS,NA,ENST00000422843.3,p.Arg394Trp,p.Arg394Trp,394,R,W,c.1180C>T,missense_variant,,,,2,251334,7.95754E-06,0,0,1,16256,0,0,0,34590,0,0,0,10072,0,0,0,18394,0,0,0,21648,0,0,1,113624,0,0,0,6134,0,0,0,30616,0,0
5,156670753,rs777757937,G,T,gnomAD Exomes,PASS,NA,ENST00000422843.3,p.Arg394Leu,p.Arg394Leu,394,R,L,c.1181G>T,missense_variant,,,,1,251336,3.97874E-06,0,0,0,16256,0,0,0,34590,0,0,0,10072,0,0,0,18394,0,0,0,21648,0,0,0,113626,0,0,0,6134,0,0,1,30616,0,0
5,156670753,rs777757937,G,A,gnomAD Exomes,PASS,NA,ENST00000422843.3,p.Arg394Gln,p.Arg394Gln,394,R,Q,c.1181G>A,missense_variant,Conflicting interpretations of pathogenicity,940469,,6,251336,2.38724E-05,0,0,0,16256,0,0,0,34590,0,0,0,10072,0,0,0,18394,0,0,0,21648,0,0,6,113626,0,0,0,6134,0,0,0,30616,0,0
5,156670761,rs1289799228,G,A,gnomAD Exomes,PASS,NA,ENST00000422843.3,p.Ala397Thr,p.Ala397Thr,397,A,T,c.1189G>A,missense_variant,,,,1,251328,3.97886E-06,0,0,1,16256,0,0,0,34590,0,0,0,10076,0,0,0,18394,0,0,0,21646,0,0,0,113614,0,0,0,6136,0,0,0,30616,0,0
5,156670770,rs567914627,G,C,gnomAD Exomes,PASS,NA,ENST00000422843.3,p.Glu400Gln,p.Glu400Gln,400,E,Q,c.1198G>C,missense_variant,,,,1,251302,3.97928E-06,0,0,0,16256,0,0,0,34590,0,0,0,10070,0,0,0,18390,0,0,0,21648,0,0,0,113596,0,0,0,6136,0,0,1,30616,0,0
5,156670791,rs199801289,G,T,gnomAD Exomes,PASS,NA,ENST00000422843.3,p.Ala407Ser,p.Ala407Ser,407,A,S,c.1219G>T,missense_variant,,,,15,251178,5.97186E-05,0,0,0,16254,0,0,0,34588,0,0,0,10066,0,0,0,18390,0,0,3,21648,0,0,12,113488,0,0,0,6130,0,0,0,30614,0,0
5,156670797,rs1208457819,G,A,gnomAD Exomes,PASS,NA,ENST00000422843.3,p.Val409Ile,p.Val409Ile,409,V,I,c.1225G>A,missense_variant,,,,1,251148,3.98172E-06,0,0,0,16256,0,0,0,34584,0,0,0,10068,0,0,0,18392,0,0,0,21648,0,0,0,113456,0,0,0,6128,0,0,1,30616,0,0
5,156671274,rs953401521,A,G,gnomAD Exomes,PASS,NA,ENST00000422843.3,p.Lys412Arg,p.Lys412Arg,412,K,R,c.1235A>G,missense_variant,Uncertain significance,944137,,2,250268,7.99143E-06,0,0,0,16256,0,0,0,34586,0,0,0,10068,0,0,0,18392,0,0,0,21648,0,0,2,112568,0,0,0,6136,0,0,0,30614,0,0
5,156671280,rs748333897,C,G,gnomAD Exomes,PASS,NA,ENST00000422843.3,p.Ser414Cys,p.Ser414Cys,414,S,C,c.1241C>G,missense_variant,,,,1,250522,3.99167E-06,0,0,0,16256,0,0,0,34586,0,0,0,10068,0,0,0,18392,0,0,0,21648,0,0,1,112820,0,0,0,6138,0,0,0,30614,0,0
5,156671290,rs1449853934,A,C,gnomAD Exomes,PASS,NA,ENST00000422843.3,p.Lys417Asn,p.Lys417Asn,417,K,N,c.1251A>C,missense_variant,,,,1,250846,3.98651E-06,0,0,0,16256,0,0,0,34588,0,0,0,10066,0,0,0,18394,0,0,0,21646,0,0,0,113144,0,0,0,6136,0,0,1,30616,0,0
5,156671297,rs1170207383,C,A,gnomAD Exomes,PASS,NA,ENST00000422843.3,p.Gln420Lys,p.Gln420Lys,420,Q,K,c.1258C>A,missense_variant,,,,1,250878,3.986E-06,0,0,1,16256,0,0,0,34584,0,0,0,10066,0,0,0,18394,0,0,0,21646,0,0,0,113184,0,0,0,6132,0,0,0,30616,0,0
5,156671306,rs1303038175,G,T,gnomAD Exomes,PASS,NA,ENST00000422843.3,p.Gly423Trp,p.Gly423Trp,423,G,W,c.1267G>T,missense_variant,,,,1,251036,3.98349E-06,0,0,0,16256,0,0,0,34586,0,0,0,10072,0,0,0,18394,0,0,0,21648,0,0,0,113330,0,0,0,6134,0,0,1,30616,0,0
5,156671318,rs1366470006,G,C,gnomAD Exomes,PASS,NA,ENST00000422843.3,p.Glu427Gln,p.Glu427Gln,427,E,Q,c.1279G>C,missense_variant,,,,2,251124,7.96419E-06,0,0,1,16256,0,0,1,34586,0,0,0,10074,0,0,0,18394,0,0,0,21646,0,0,0,113420,0,0,0,6132,0,0,0,30616,0,0
5,156671321,rs150270557,C,A,gnomAD Exomes,PASS,NA,ENST00000422843.3,p.Gln428Lys,p.Gln428Lys,428,Q,K,c.1282C>A,missense_variant,Uncertain significance,641419,,44,251136,0.000175204,0,0,0,16256,0,0,9,34586,0,0,0,10074,0,0,0,18394,0,0,0,21646,0,0,23,113432,0,0,4,6132,0,0,8,30616,0,0
5,156671325,rs775170349,C,A,gnomAD Exomes,PASS,NA,ENST00000422843.3,p.Ala429Asp,p.Ala429Asp,429,A,D,c.1286C>A,missense_variant,,,,1,251110,3.98232E-06,0,0,0,16256,0,0,0,34586,0,0,0,10072,0,0,0,18394,0,0,0,21644,0,0,0,113408,0,0,1,6134,0,0,0,30616,0,0
5,156671340,rs1234292410,T,G,gnomAD Exomes,PASS,NA,ENST00000422843.3,p.Val434Gly,p.Val434Gly,434,V,G,c.1301T>G,missense_variant,,,,1,251226,3.98048E-06,0,0,0,16256,0,0,0,34590,0,0,0,10068,0,0,1,18394,0,0,0,21644,0,0,0,113522,0,0,0,6136,0,0,0,30616,0,0
5,156671343,rs753598675,T,C,gnomAD Exomes,PASS,NA,ENST00000422843.3,p.Phe435Ser,p.Phe435Ser,435,F,S,c.1304T>C,missense_variant,,,,2,251252,7.96014E-06,0,0,0,16256,0,0,0,34588,0,0,0,10068,0,0,0,18394,0,0,0,21648,0,0,1,113548,0,0,1,6134,0,0,0,30616,0,0
5,156671345,rs1199876568,G,A,gnomAD Exomes,PASS,NA,ENST00000422843.3,p.Glu436Lys,p.Glu436Lys,436,E,K,c.1306G>A,missense_variant,,,,1,251236,3.98032E-06,0,0,0,16256,0,0,0,34588,0,0,0,10068,0,0,0,18392,0,0,0,21648,0,0,0,113534,0,0,1,6134,0,0,0,30616,0,0
5,156671351,rs889573145,A,T,gnomAD Exomes,PASS,NA,ENST00000422843.3,p.Met438Leu,p.Met438Leu,438,M,L,c.1312A>T,missense_variant,Uncertain significance,2191669,,2,251282,7.95919E-06,0,0,0,16256,0,0,0,34588,0,0,0,10068,0,0,0,18392,0,0,0,21648,0,0,2,113580,0,0,0,6134,0,0,0,30616,0,0
5,156671355,rs761505225,A,G,gnomAD Exomes,PASS,NA,ENST00000422843.3,p.Glu439Gly,p.Glu439Gly,439,E,G,c.1316A>G,missense_variant,,,,1,251284,3.97956E-06,0,0,0,16256,0,0,0,34588,0,0,0,10070,0,0,1,18392,0,0,0,21648,0,0,0,113580,0,0,0,6134,0,0,0,30616,0,0
5,156671372,rs564166795,G,T,gnomAD Exomes,PASS,NA,ENST00000422843.3,p.Asp445Tyr,p.Asp445Tyr,445,D,Y,c.1333G>T,missense_variant,,,,1,251270,3.97978E-06,0,0,0,16256,0,0,0,34584,0,0,0,10068,0,0,0,18388,0,0,0,21646,0,0,0,113578,0,0,0,6134,0,0,1,30616,0,0
5,156671374,rs752788773,T,G,gnomAD Exomes,PASS,NA,ENST00000422843.3,p.Asp445Glu,p.Asp445Glu,445,D,E,c.1335T>G,missense_variant,Uncertain significance,1472180,,3,251280,1.19389E-05,0,0,0,16256,0,0,0,34584,0,0,0,10070,0,0,0,18392,0,0,0,21646,0,0,3,113582,0,0,0,6134,0,0,0,30616,0,0
5,156671381,rs143652027,C,T,gnomAD Exomes,PASS,NA,ENST00000422843.3,p.Arg448Cys,p.Arg448Cys,448,R,C,c.1342C>T,missense_variant,Uncertain significance,1035963,,4,251260,1.59198E-05,0,0,0,16256,0,0,0,34586,0,0,0,10070,0,0,0,18392,0,0,0,21646,0,0,1,113560,0,0,0,6134,0,0,3,30616,0,0
5,156671382,rs144735141,G,A,gnomAD Exomes,PASS,NA,ENST00000422843.3,p.Arg448His,p.Arg448His,448,R,H,c.1343G>A,missense_variant,Uncertain significance,577129,,52,251252,0.000206964,1,0,0,16256,0,0,0,34586,0,0,0,10070,0,0,6,18390,0,0,0,21646,0,0,29,113560,0,0,2,6128,0,0,15,30616,1,0
5,156671382,rs144735141,G,C,gnomAD Exomes,PASS,NA,ENST00000422843.3,p.Arg448Pro,p.Arg448Pro,448,R,P,c.1343G>C,missense_variant,Uncertain significance,1371168,,1,251252,3.98007E-06,0,0,0,16256,0,0,0,34586,0,0,0,10070,0,0,0,18390,0,0,0,21646,0,0,1,113560,0,0,0,6128,0,0,0,30616,0,0
5,156671382,rs144735141,G,T,gnomAD Exomes,PASS,NA,ENST00000422843.3,p.Arg448Leu,p.Arg448Leu,448,R,L,c.1343G>T,missense_variant,,,,4,251252,1.59203E-05,0,0,1,16256,0,0,0,34586,0,0,0,10070,0,0,0,18390,0,0,0,21646,0,0,3,113560,0,0,0,6128,0,0,0,30616,0,0
5,156671388,rs1390044627,A,T,gnomAD Exomes,PASS,NA,ENST00000422843.3,p.Gln450Leu,p.Gln450Leu,450,Q,L,c.1349A>T,missense_variant,,,,1,251266,3.97985E-06,0,0,0,16256,0,0,0,34582,0,0,0,10070,0,0,1,18390,0,0,0,21640,0,0,0,113582,0,0,0,6130,0,0,0,30616,0,0
5,156671389,rs1437960174,G,C,gnomAD Exomes,PASS,NA,ENST00000422843.3,p.Gln450His,p.Gln450His,450,Q,H,c.1350G>C,missense_variant,,,,1,251284,3.97956E-06,0,0,0,16256,0,0,0,34586,0,0,0,10070,0,0,0,18390,0,0,0,21640,0,0,1,113596,0,0,0,6130,0,0,0,30616,0,0
5,156671390,rs200331133,C,T,gnomAD Exomes,PASS,NA,ENST00000422843.3,p.Arg451Trp,p.Arg451Trp,451,R,W,c.1351C>T,missense_variant,Uncertain significance,575120,,27,251256,0.00010746,0,0,5,16256,0,0,13,34582,0,0,0,10070,0,0,0,18388,0,0,0,21636,0,0,7,113580,0,0,1,6128,0,0,1,30616,0,0
5,156671391,rs779372373,G,A,gnomAD Exomes,PASS,NA,ENST00000422843.3,p.Arg451Gln,p.Arg451Gln,451,R,Q,c.1352G>A,missense_variant,,,,3,251256,1.194E-05,0,0,0,16256,0,0,0,34580,0,0,0,10068,0,0,0,18390,0,0,1,21636,0,0,2,113580,0,0,0,6130,0,0,0,30616,0,0
5,156671397,rs1387693656,T,C,gnomAD Exomes,PASS,NA,ENST00000422843.3,p.Leu453Pro,p.Leu453Pro,453,L,P,c.1358T>C,missense_variant,,,,1,251266,3.97985E-06,0,0,0,16254,0,0,1,34584,0,0,0,10068,0,0,0,18390,0,0,0,21642,0,0,0,113584,0,0,0,6128,0,0,0,30616,0,0
5,156671410,rs746321007,G,T,gnomAD Exomes,PASS,NA,ENST00000422843.3,p.Glu457Asp,p.Glu457Asp,453,E,D,c.1371G>T,missense_variant,Uncertain significance,1430779,,2,251250,7.9602E-06,0,0,2,16254,0,0,0,34582,0,0,0,10070,0,0,0,18392,0,0,0,21644,0,0,0,113560,0,0,0,6132,0,0,0,30616,0,0
5,156671418,rs772726821,T,C,gnomAD Exomes,PASS,NA,ENST00000422843.3,p.Leu460Pro,p.Leu460Pro,460,L,P,c.1379T>C,missense_variant,,,,3,251244,1.19406E-05,0,0,0,16256,0,0,0,34584,0,0,0,10070,0,0,0,18390,0,0,0,21642,0,0,3,113552,0,0,0,6134,0,0,0,30616,0,0
5,156671429,rs775078320,C,G,gnomAD Exomes,PASS,NA,ENST00000422843.3,p.Leu464Val,p.Leu464Val,460,L,V,c.1390C>G,missense_variant,,,,1,251234,3.98035E-06,0,0,0,16256,0,0,0,34586,0,0,0,10072,0,0,0,18390,0,0,0,21640,0,0,1,113540,0,0,0,6134,0,0,0,30616,0,0
5,156671447,rs764904457,A,G,gnomAD Exomes,PASS,NA,ENST00000422843.3,p.Met470Val,p.Met470Val,470,M,V,c.1408A>G,missense_variant,Uncertain significance,1997765,,1,251114,3.98226E-06,0,0,0,16256,0,0,0,34582,0,0,0,10070,0,0,0,18388,0,0,0,21638,0,0,0,113434,0,0,0,6130,0,0,1,30616,0,0
5,156671450,rs368438364,G,A,gnomAD Exomes,PASS,NA,ENST00000422843.3,p.Ala471Thr,p.Ala471Thr,470,A,T,c.1411G>A,missense_variant,Uncertain significance,646233,,18,251022,7.17069E-05,0,0,2,16254,0,0,0,34580,0,0,0,10070,0,0,0,18386,0,0,0,21632,0,0,15,113356,0,0,1,6128,0,0,0,30616,0,0
5,156671454,rs762823760,A,G,gnomAD Exomes,PASS,NA,ENST00000422843.3,p.Tyr472Cys,p.Tyr472Cys,472,Y,C,c.1415A>G,missense_variant,,,,1,251004,3.984E-06,0,0,0,16256,0,0,0,34580,0,0,0,10070,0,0,0,18388,0,0,0,21640,0,0,1,113326,0,0,0,6128,0,0,0,30616,0,0
5,156671471,rs1458355048,G,A,gnomAD Exomes,PASS,NA,ENST00000422843.3,p.Val478Ile,p.Val478Ile,478,V,I,c.1432G>A,missense_variant,,,,1,250676,3.98921E-06,0,0,0,16256,0,0,0,34566,0,0,0,10068,0,0,0,18380,0,0,0,21626,0,0,1,113036,0,0,0,6128,0,0,0,30616,0,0
5,156671486,rs142788740,T,A,gnomAD Exomes,PASS,NA,ENST00000422843.3,p.Leu483Met,p.Leu483Met,483,L,M,c.1447T>A,missense_variant,Uncertain significance,2181322,,6,250416,2.39601E-05,0,0,0,16254,0,0,0,34558,0,0,0,10068,0,0,0,18380,0,0,0,21604,0,0,6,112812,0,0,0,6126,0,0,0,30614,0,0
5,156672747,rs1228858272,T,G,gnomAD Exomes,PASS,NA,ENST00000422843.3,p.Asn487Lys,p.Asn487Lys,487,N,K,c.1461T>G,missense_variant,,,,1,251066,3.98302E-06,0,0,0,16250,0,0,0,34584,0,0,0,10062,0,0,0,18394,0,0,0,21648,0,0,1,113384,0,0,0,6128,0,0,0,30616,0,0
5,156672762,rs750736762,A,C,gnomAD Exomes,PASS,NA,ENST00000422843.3,p.Glu492Asp,p.Glu492Asp,492,E,D,c.1476A>C,missense_variant,,,,1,251192,3.98102E-06,0,0,0,16254,0,0,0,34584,0,0,0,10070,0,0,0,18394,0,0,0,21648,0,0,1,113498,0,0,0,6128,0,0,0,30616,0,0
5,156672778,rs758820629,G,T,gnomAD Exomes,PASS,NA,ENST00000422843.3,p.Val498Leu,p.Val498Leu,498,V,L,c.1492G>T,missense_variant,Uncertain significance,473141,,7,251284,2.78569E-05,0,0,1,16256,0,0,0,34586,0,0,0,10070,0,0,0,18394,0,0,0,21648,0,0,6,113580,0,0,0,6134,0,0,0,30616,0,0
5,156672795,rs780612149,G,A,gnomAD Exomes,PASS,NA,ENST00000422843.3,p.Met503Ile,p.Met503Ile,503,M,I,c.1509G>A,missense_variant,,,,1,251386,3.97795E-06,0,0,0,16256,0,0,0,34588,0,0,0,10078,0,0,1,18390,0,0,0,21648,0,0,0,113676,0,0,0,6134,0,0,0,30616,0,0
5,156672796,rs151046132,A,T,gnomAD Exomes,PASS,NA,ENST00000422843.3,p.Thr504Ser,p.Thr504Ser,504,T,S,c.1510A>T,missense_variant,Conflicting interpretations of pathogenicity,540355,,208,251388,0.000827406,0,0,7,16256,0,0,32,34588,0,0,0,10078,0,0,0,18390,0,0,2,21648,0,0,136,113678,0,0,6,6134,0,0,25,30616,0,0
5,156672895,rs777307182,G,A,gnomAD Exomes,PASS,NA,ENST00000422843.3,p.Val507Ile,p.Val507Ile,507,V,I,c.1519G>A,missense_variant,,,,1,251418,3.97744E-06,0,0,0,16256,0,0,0,34588,0,0,0,10078,0,0,0,18394,0,0,0,21648,0,0,1,113704,0,0,0,6136,0,0,0,30614,0,0
5,156672895,rs777307182,G,T,gnomAD Exomes,PASS,NA,ENST00000422843.3,p.Val507Phe,p.Val507Phe,507,V,F,c.1519G>T,missense_variant,,,,1,251418,3.97744E-06,0,0,0,16256,0,0,0,34588,0,0,0,10078,0,0,1,18394,0,0,0,21648,0,0,0,113704,0,0,0,6136,0,0,0,30614,0,0
5,156672898,rs770592423,C,G,gnomAD Exomes,PASS,NA,ENST00000422843.3,p.Leu508Val,p.Leu508Val,508,L,V,c.1522C>G,missense_variant,,,,1,251428,3.97728E-06,0,0,0,16256,0,0,0,34590,0,0,0,10078,0,0,1,18394,0,0,0,21646,0,0,0,113712,0,0,0,6136,0,0,0,30616,0,0
5,156672904,rs778621770,G,A,gnomAD Exomes,PASS,NA,ENST00000422843.3,p.Asp510Asn,p.Asp510Asn,510,D,N,c.1528G>A,missense_variant,,,,3,251416,1.19324E-05,0,0,0,16256,0,0,0,34586,0,0,0,10078,0,0,0,18394,0,0,0,21648,0,0,3,113702,0,0,0,6136,0,0,0,30616,0,0
5,156672914,rs775482163,C,T,gnomAD Exomes,PASS,NA,ENST00000422843.3,p.Thr513Ile,p.Thr513Ile,513,T,I,c.1538C>T,missense_variant,,,,2,251388,7.95583E-06,0,0,0,16256,0,0,0,34588,0,0,0,10078,0,0,0,18394,0,0,0,21648,0,0,2,113672,0,0,0,6136,0,0,0,30616,0,0
5,156672925,rs1269237978,G,A,gnomAD Exomes,PASS,NA,ENST00000422843.3,p.Gly517Ser,p.Gly517Ser,517,G,S,c.1549G>A,missense_variant,,,,1,251394,3.97782E-06,0,0,0,16256,0,0,0,34590,0,0,0,10076,0,0,0,18394,0,0,0,21648,0,0,0,113680,0,0,0,6134,0,0,1,30616,0,0
5,156672928,rs763213676,A,T,gnomAD Exomes,PASS,NA,ENST00000422843.3,p.Thr518Ser,p.Thr518Ser,518,T,S,c.1552A>T,missense_variant,,,,1,251392,3.97785E-06,0,0,0,16256,0,0,1,34588,0,0,0,10076,0,0,0,18394,0,0,0,21648,0,0,0,113682,0,0,0,6132,0,0,0,30616,0,0
5,156672936,rs751900483,C,G,gnomAD Exomes,PASS,NA,ENST00000422843.3,p.Phe520Leu,p.Phe520Leu,520,F,L,c.1560C>G,missense_variant,,,,6,251380,2.38682E-05,0,0,0,16256,0,0,0,34590,0,0,0,10076,0,0,0,18394,0,0,0,21646,0,0,6,113668,0,0,0,6134,0,0,0,30616,0,0
5,156672938,rs759932471,C,T,gnomAD Exomes,PASS,NA,ENST00000422843.3,p.Pro521Leu,p.Pro521Leu,521,P,L,c.1562C>T,missense_variant,Uncertain significance,1481575,,2,251360,7.95672E-06,0,0,1,16256,0,0,0,34590,0,0,0,10076,0,0,0,18394,0,0,0,21648,0,0,0,113648,0,0,0,6132,0,0,1,30616,0,0
5,156672949,rs753217800,G,A,gnomAD Exomes,PASS,NA,ENST00000422843.3,p.Ala525Thr,p.Ala525Thr,525,A,T,c.1573G>A,missense_variant,Uncertain significance,1029978,,3,251364,1.19349E-05,0,0,0,16256,0,0,0,34588,0,0,0,10078,0,0,0,18394,0,0,0,21648,0,0,0,113652,0,0,0,6132,0,0,3,30616,0,0
5,156672953,rs756611419,C,A,gnomAD Exomes,PASS,NA,ENST00000422843.3,p.Ser526Tyr,p.Ser526Tyr,526,S,Y,c.1577C>A,missense_variant,Uncertain significance,950029,,1,251368,3.97823E-06,0,0,0,16256,0,0,0,34588,0,0,0,10078,0,0,0,18394,0,0,0,21648,0,0,1,113654,0,0,0,6134,0,0,0,30616,0,0
5,156672965,rs777213383,T,C,gnomAD Exomes,PASS,NA,ENST00000422843.3,p.Phe530Ser,p.Phe530Ser,530,F,S,c.1589T>C,missense_variant,,,,1,251356,3.97842E-06,0,0,0,16256,0,0,0,34592,0,0,0,10076,0,0,0,18394,0,0,0,21646,0,0,1,113642,0,0,0,6134,0,0,0,30616,0,0
5,156672971,rs756835896,T,C,gnomAD Exomes,PASS,NA,ENST00000422843.3,p.Phe532Ser,p.Phe532Ser,532,F,S,c.1595T>C,missense_variant,,,,1,251326,3.9789E-06,0,0,0,16256,0,0,0,34592,0,0,0,10076,0,0,1,18394,0,0,0,21644,0,0,0,113616,0,0,0,6132,0,0,0,30616,0,0
5,156672977,rs745561238,G,A,gnomAD Exomes,PASS,NA,ENST00000422843.3,p.Arg534His,p.Arg534His,534,R,H,c.1601G>A,missense_variant,Uncertain significance,649542,,2,251294,7.95881E-06,0,0,0,16256,0,0,2,34592,0,0,0,10074,0,0,0,18394,0,0,0,21642,0,0,0,113588,0,0,0,6132,0,0,0,30616,0,0
5,156672977,rs745561238,G,T,gnomAD Exomes,PASS,NA,ENST00000422843.3,p.Arg534Leu,p.Arg534Leu,534,R,L,c.1601G>T,missense_variant,,,,4,251294,1.59176E-05,0,0,0,16256,0,0,0,34592,0,0,0,10074,0,0,4,18394,0,0,0,21642,0,0,0,113588,0,0,0,6132,0,0,0,30616,0,0
5,156672994,rs886713435,G,A,gnomAD Exomes,PASS,NA,ENST00000422843.3,p.Asp540Asn,p.Asp540Asn,540,R,N,c.1618G>A,missense_variant,Uncertain significance,1061376,,1,251280,3.97962E-06,0,0,0,16254,0,0,0,34592,0,0,0,10074,0,0,0,18394,0,0,0,21646,0,0,0,113572,0,0,0,6132,0,0,1,30616,0,0
5,156675863,rs1309265847,T,G,gnomAD Exomes,PASS,NA,ENST00000422843.3,p.Val546Gly,p.Val546Gly,546,V,G,c.1637T>G,missense_variant,,,,1,251238,3.98029E-06,0,0,0,16256,0,0,0,34574,0,0,0,10078,0,0,1,18394,0,0,0,21648,0,0,0,113542,0,0,0,6132,0,0,0,30614,0,0
5,156675911,rs142618425,G,A,gnomAD Exomes,PASS,NA,ENST00000422843.3,p.Arg562Gln,p.Arg562Gln,562,R,Q,c.1685G>A,missense_variant,Uncertain significance,578820,,27,251158,0.000107502,0,0,2,16256,0,0,2,34574,0,0,0,10080,0,0,0,18390,0,0,2,21648,0,0,20,113468,0,0,0,6126,0,0,1,30616,0,0
5,156675929,rs781266811,T,C,gnomAD Exomes,PASS,NA,ENST00000422843.3,p.Val568Ala,p.Val568Ala,568,V,A,c.1703T>C,missense_variant,,,,1,251154,3.98162E-06,0,0,0,16256,0,0,0,34576,0,0,0,10080,0,0,0,18392,0,0,0,21648,0,0,1,113456,0,0,0,6130,0,0,0,30616,0,0
5,156675932,rs1161396558,A,G,gnomAD Exomes,PASS,NA,ENST00000422843.3,p.Glu569Gly,p.Glu569Gly,569,E,G,c.1706A>G,missense_variant,,,,1,251140,3.98184E-06,0,0,0,16256,0,0,0,34574,0,0,0,10076,0,0,0,18394,0,0,0,21646,0,0,0,113450,0,0,0,6128,0,0,1,30616,0,0
5,156675937,rs144950783,A,C,gnomAD Exomes,PASS,NA,ENST00000422843.3,p.Ile571Leu,p.Ile571Leu,571,I,L,c.1711A>C,missense_variant,,,,1,251118,3.98219E-06,0,0,0,16256,0,0,0,34574,0,0,0,10078,0,0,0,18394,0,0,0,21646,0,0,0,113430,0,0,0,6126,0,0,1,30614,0,0
5,156675937,rs144950783,A,G,gnomAD Exomes,PASS,NA,ENST00000422843.3,p.Ile571Val,p.Ile571Val,571,I,V,c.1711A>G,missense_variant,Uncertain significance,352475,,10,251118,3.98219E-05,0,0,1,16256,0,0,0,34574,0,0,0,10078,0,0,0,18394,0,0,0,21646,0,0,9,113430,0,0,0,6126,0,0,0,30614,0,0
5,156675938,rs1335459963,T,C,gnomAD Exomes,PASS,NA,ENST00000422843.3,p.Ile571Thr,p.Ile571Thr,571,I,T,c.1712T>C,missense_variant,,,,1,251102,3.98245E-06,0,0,0,16256,0,0,0,34574,0,0,0,10080,0,0,0,18394,0,0,0,21644,0,0,1,113416,0,0,0,6126,0,0,0,30612,0,0
5,156675940,rs772195553,A,G,gnomAD Exomes,PASS,NA,ENST00000422843.3,p.Ser572Gly,p.Ser572Gly,572,S,G,c.1714A>G,missense_variant,,,,1,251112,3.98229E-06,0,0,0,16256,0,0,0,34570,0,0,0,10080,0,0,0,18394,0,0,0,21644,0,0,0,113428,0,0,0,6126,0,0,1,30614,0,0
5,156675941,rs140542010,G,T,gnomAD Exomes,PASS,NA,ENST00000422843.3,p.Ser572Ile,p.Ser572Ile,572,S,I,c.1715G>T,missense_variant,,,,2,251094,7.96514E-06,0,0,2,16256,0,0,0,34572,0,0,0,10080,0,0,0,18394,0,0,0,21646,0,0,0,113406,0,0,0,6124,0,0,0,30616,0,0
5,156675946,rs777096641,G,A,gnomAD Exomes,PASS,NA,ENST00000422843.3,p.Gly574Arg,p.Gly574Arg,574,G,R,c.1720G>A,missense_variant,,,,3,251090,1.19479E-05,0,0,0,16256,0,0,0,34574,0,0,0,10080,0,0,2,18394,0,0,0,21642,0,0,1,113402,0,0,0,6126,0,0,0,30616,0,0
5,156675953,rs762344567,G,A,gnomAD Exomes,PASS,NA,ENST00000422843.3,p.Arg576Gln,p.Arg576Gln,576,R,Q,c.1727G>A,missense_variant,,,,3,251086,1.19481E-05,0,0,0,16256,0,0,1,34574,0,0,0,10070,0,0,0,18392,0,0,0,21646,0,0,2,113402,0,0,0,6130,0,0,0,30616,0,0
5,156675962,rs764684422,A,G,gnomAD Exomes,PASS,NA,ENST00000422843.3,p.Lys579Arg,p.Lys579Arg,579,K,R,c.1736A>G,missense_variant,Uncertain significance,1499362,,3,251114,1.19468E-05,0,0,3,16252,0,0,0,34576,0,0,0,10072,0,0,0,18394,0,0,0,21646,0,0,0,113430,0,0,0,6128,0,0,0,30616,0,0
5,156675964,rs1462558122,C,T,gnomAD Exomes,PASS,NA,ENST00000422843.3,p.Pro580Ser,p.Pro580Ser,580,P,S,c.1738C>T,missense_variant,Uncertain significance,1500935,,1,251106,3.98238E-06,0,0,0,16254,0,0,0,34572,0,0,0,10078,0,0,0,18392,0,0,0,21646,0,0,1,113418,0,0,0,6130,0,0,0,30616,0,0
5,156675967,rs34482255,C,G,gnomAD Exomes,PASS,NA,ENST00000422843.3,p.Arg581Gly,p.Arg581Gly,581,R,G,c.1741C>G,missense_variant,Uncertain significance,1922688,,2,251100,7.96495E-06,0,0,0,16254,0,0,2,34572,0,0,0,10076,0,0,0,18394,0,0,0,21646,0,0,0,113412,0,0,0,6130,0,0,0,30616,0,0
5,156675967,rs34482255,C,T,gnomAD Exomes,PASS,NA,ENST00000422843.3,p.Arg581Trp,p.Arg581Trp,581,R,W,c.1741C>T,missense_variant,Conflicting interpretations of pathogenicity,352476,,246,251100,0.000979689,1,0,0,16254,0,0,12,34572,0,0,68,10076,1,0,136,18394,0,0,0,21646,0,0,24,113412,0,0,4,6130,0,0,2,30616,0,0
5,156675968,rs548875154,G,A,gnomAD Exomes,PASS,NA,ENST00000422843.3,p.Arg581Gln,p.Arg581Gln,581,R,Q,c.1742G>A,missense_variant,Uncertain significance,846840,,26,251102,0.000103544,0,0,1,16254,0,0,8,34572,0,0,0,10076,0,0,4,18394,0,0,0,21646,0,0,12,113414,0,0,0,6130,0,0,1,30616,0,0
5,156675974,rs200077959,C,T,gnomAD Exomes,PASS,NA,ENST00000422843.3,p.Ala583Val,p.Ala583Val,583,A,V,c.1748C>T,missense_variant,Uncertain significance,1514994,,9,251084,3.58446E-05,0,0,3,16254,0,0,2,34570,0,0,0,10078,0,0,0,18394,0,0,0,21644,0,0,4,113400,0,0,0,6130,0,0,0,30614,0,0
5,156675979,rs1190124755,A,G,gnomAD Exomes,PASS,NA,ENST00000422843.3,p.Thr585Ala,p.Thr585Ala,585,T,A,c.1753A>G,missense_variant,,,,1,251084,3.98273E-06,0,0,0,16254,0,0,0,34574,0,0,0,10078,0,0,0,18394,0,0,0,21646,0,0,0,113394,0,0,0,6130,0,0,1,30614,0,0
5,156675982,rs751288025,C,G,gnomAD Exomes,PASS,NA,ENST00000422843.3,p.His586Asp,p.His586Asp,586,H,D,c.1756C>G,missense_variant,,,,8,251040,3.18674E-05,0,0,0,16254,0,0,0,34570,0,0,0,10078,0,0,0,18394,0,0,0,21644,0,0,0,113354,0,0,0,6130,0,0,8,30616,0,0
5,156675985,rs56005928,G,A,gnomAD Exomes,PASS,NA,ENST00000422843.3,p.Val587Ile,p.Val587Ile,587,V,I,c.1759G>A,missense_variant,Benign/Likely benign,522219,,1009,251032,0.004019408,9,0,6,16254,0,0,15,34568,0,0,65,10078,0,0,17,18394,0,0,466,21642,3,0,315,113352,0,0,30,6128,3,0,95,30616,3,0
5,156675986,rs748059245,T,C,gnomAD Exomes,PASS,NA,ENST00000422843.3,p.Val587Ala,p.Val587Ala,587,V,A,c.1760T>C,missense_variant,,,,2,251056,7.96635E-06,0,0,1,16252,0,0,0,34570,0,0,0,10076,0,0,0,18394,0,0,0,21644,0,0,1,113378,0,0,0,6128,0,0,0,30614,0,0
5,156675988,rs370632752,T,C,gnomAD Exomes,PASS,NA,ENST00000422843.3,p.Tyr588His,p.Tyr588His,588,Y,H,c.1762T>C,missense_variant,Uncertain significance,906196,,4,251068,1.59319E-05,0,0,1,16254,0,0,0,34572,0,0,0,10076,0,0,0,18394,0,0,0,21644,0,0,3,113384,0,0,0,6130,0,0,0,30614,0,0
5,156675994,rs554375207,A,C,gnomAD Exomes,PASS,NA,ENST00000422843.3,p.Ile590Leu,p.Ile590Leu,590,I,L,c.1768A>C,missense_variant,,,,5,251038,1.99173E-05,0,0,0,16252,0,0,0,34566,0,0,0,10078,0,0,5,18394,0,0,0,21644,0,0,0,113358,0,0,0,6130,0,0,0,30616,0,0
5,156676002,rs1366452228,T,A,gnomAD Exomes,PASS,NA,ENST00000422843.3,p.Asn592Lys,p.Asn592Lys,592,N,K,c.1776T>A,missense_variant,,,,1,251018,3.98378E-06,0,0,0,16252,0,0,0,34570,0,0,0,10074,0,0,0,18394,0,0,0,21642,0,0,1,113344,0,0,0,6126,0,0,0,30616,0,0
5,156679621,rs768887325,C,G,gnomAD Exomes,PASS,NA,ENST00000422843.3,p.Pro599Arg,p.Pro599Arg,599,P,R,c.1796C>G,missense_variant,,,,1,251400,3.97772E-06,0,0,0,16256,0,0,0,34586,0,0,0,10078,0,0,0,18394,0,0,0,21646,0,0,0,113686,0,0,0,6138,0,0,1,30616,0,0
5,156679629,rs781475918,C,T,gnomAD Exomes,PASS,NA,ENST00000422843.3,p.Arg602Trp,p.Arg602Trp,602,R,W,c.1804C>T,missense_variant,,,,1,251404,3.97766E-06,0,0,0,16256,0,0,0,34584,0,0,0,10078,0,0,0,18394,0,0,0,21644,0,0,1,113696,0,0,0,6136,0,0,0,30616,0,0
5,156679630,rs748509752,G,A,gnomAD Exomes,PASS,NA,ENST00000422843.3,p.Arg602Gln,p.Arg602Gln,602,R,Q,c.1805G>A,missense_variant,Uncertain significance,1003141,,2,251390,7.95577E-06,0,0,0,16256,0,0,0,34584,0,0,0,10078,0,0,0,18394,0,0,0,21636,0,0,2,113688,0,0,0,6138,0,0,0,30616,0,0
5,156679630,rs748509752,G,T,gnomAD Exomes,PASS,NA,ENST00000422843.3,p.Arg602Leu,p.Arg602Leu,602,R,L,c.1805G>T,missense_variant,Uncertain significance,2194061,,2,251390,7.95577E-06,0,0,1,16256,0,0,0,34584,0,0,0,10078,0,0,0,18394,0,0,0,21636,0,0,0,113688,0,0,1,6138,0,0,0,30616,0,0
5,156679645,rs1458679815,G,C,gnomAD Exomes,PASS,NA,ENST00000422843.3,p.Arg607Thr,p.Arg607Thr,607,R,T,c.1820G>C,missense_variant,,,,1,251410,3.97757E-06,0,0,0,16256,0,0,0,34582,0,0,0,10076,0,0,0,18394,0,0,0,21644,0,0,1,113704,0,0,0,6138,0,0,0,30616,0,0
5,156679653,rs763559802,C,A,gnomAD Exomes,PASS,NA,ENST00000422843.3,p.Arg610Ser,p.Arg610Ser,610,R,S,c.1828C>A,missense_variant,,,,1,251420,3.97741E-06,0,0,0,16256,0,0,0,34578,0,0,0,10080,0,0,0,18394,0,0,0,21644,0,0,0,113712,0,0,0,6140,0,0,1,30616,0,0
5,156679653,rs763559802,C,T,gnomAD Exomes,PASS,NA,ENST00000422843.3,p.Arg610Cys,p.Arg610Cys,610,R,C,c.1828C>T,missense_variant,Likely benign,665754,,46,251420,0.000182961,0,0,0,16256,0,0,33,34578,0,0,0,10080,0,0,0,18394,0,0,1,21644,0,0,3,113712,0,0,0,6140,0,0,9,30616,0,0
5,156679654,rs138438785,G,A,gnomAD Exomes,PASS,NA,ENST00000422843.3,p.Arg610His,p.Arg610His,610,R,H,c.1829G>A,missense_variant,Uncertain significance,540359,,11,251428,4.37501E-05,0,0,1,16256,0,0,0,34582,0,0,0,10080,0,0,1,18394,0,0,0,21646,0,0,7,113714,0,0,0,6140,0,0,2,30616,0,0
5,156679656,rs759209198,C,G,gnomAD Exomes,PASS,NA,ENST00000422843.3,p.Gln611Glu,p.Gln611Glu,611,Q,E,c.1831C>G,missense_variant,,,,1,251436,3.97716E-06,0,0,0,16256,0,0,0,34582,0,0,0,10080,0,0,0,18394,0,0,0,21648,0,0,1,113720,0,0,0,6140,0,0,0,30616,0,0
5,156679665,rs1404434133,G,A,gnomAD Exomes,PASS,NA,ENST00000422843.3,p.Glu614Lys,p.Glu614Lys,614,E,K,c.1840G>A,missense_variant,,,,1,251428,3.97728E-06,0,0,0,16256,0,0,0,34582,0,0,0,10080,0,0,0,18394,0,0,0,21646,0,0,0,113716,0,0,0,6138,0,0,1,30616,0,0
5,156679671,rs767280421,G,T,gnomAD Exomes,PASS,NA,ENST00000422843.3,p.Ala616Ser,p.Ala616Ser,616,A,S,c.1846G>T,missense_variant,Uncertain significance,2073773,,4,251428,1.59091E-05,0,0,0,16256,0,0,0,34580,0,0,0,10080,0,0,0,18394,0,0,0,21648,0,0,4,113714,0,0,0,6140,0,0,0,30616,0,0
5,156679672,rs752462162,C,T,gnomAD Exomes,PASS,NA,ENST00000422843.3,p.Ala616Val,p.Ala616Val,616,A,V,c.1847C>T,missense_variant,,,,1,251426,3.97731E-06,0,0,0,16256,0,0,0,34580,0,0,0,10080,0,0,0,18394,0,0,0,21642,0,0,1,113718,0,0,0,6140,0,0,0,30616,0,0
5,156679683,rs1304772098,C,T,gnomAD Exomes,PASS,NA,ENST00000422843.3,p.Leu620Phe,p.Leu620Phe,620,L,F,c.1858C>T,missense_variant,,,,1,251412,3.97753E-06,0,0,0,16256,0,0,0,34580,0,0,0,10078,0,0,1,18394,0,0,0,21642,0,0,0,113708,0,0,0,6138,0,0,0,30616,0,0