Chromosome,Position,rsIDs,Reference,Alternate,Source,Filters - exomes,Filters - genomes,Transcript,HGVS Consequence,Protein Consequence,Transcript Consequence,VEP Annotation,ClinVar Clinical Significance,ClinVar Variation ID,Flags,Allele Count,Allele Number,Allele Frequency,Homozygote Count,Hemizygote Count,Allele Count Other,Allele Number Other,Homozygote Count Other,Hemizygote Count Other,Allele Count Latino/Admixed American,Allele Number Latino/Admixed American,Homozygote Count Latino/Admixed American,Hemizygote Count Latino/Admixed American,Allele Count European (Finnish),Allele Number European (Finnish),Homozygote Count European (Finnish),Hemizygote Count European (Finnish),Allele Count Amish,Allele Number Amish,Homozygote Count Amish,Hemizygote Count Amish,Allele Count East Asian,Allele Number East Asian,Homozygote Count East Asian,Hemizygote Count East Asian,Allele Count Middle Eastern,Allele Number Middle Eastern,Homozygote Count Middle Eastern,Hemizygote Count Middle Eastern,Allele Count African/African American,Allele Number African/African American,Homozygote Count African/African American,Hemizygote Count African/African American,Allele Count South Asian,Allele Number South Asian,Homozygote Count South Asian,Hemizygote Count South Asian,Allele Count Ashkenazi Jewish,Allele Number Ashkenazi Jewish,Homozygote Count Ashkenazi Jewish,Hemizygote Count Ashkenazi Jewish,Allele Count European (non-Finnish),Allele Number European (non-Finnish),Homozygote Count European (non-Finnish),Hemizygote Count European (non-Finnish)
22,21769135,,T,C,gnomAD Genomes,NA,PASS,ENST00000398822.7,c.*69A>G,,c.*69A>G,3_prime_UTR_variant,,,,1,152172,0.000006571511184712037,0,0,0,2094,0,0,1,15268,0,0,0,10612,0,0,0,912,0,0,0,5194,0,0,0,316,0,0,0,41444,0,0,0,4822,0,0,0,3470,0,0,0,68040,0,0
22,21769143,rs1268491319,A,G,gnomAD Genomes,NA,PASS,ENST00000398822.7,c.*61T>C,,c.*61T>C,3_prime_UTR_variant,,,,1,152226,0.000006569180034948038,0,0,0,2086,0,0,0,15270,0,0,0,10624,0,0,0,912,0,0,0,5202,0,0,0,316,0,0,1,41466,0,0,0,4836,0,0,0,3470,0,0,0,68044,0,0
22,21769150,rs956495224,G,A,gnomAD Genomes,NA,PASS,ENST00000398822.7,c.*54C>T,,c.*54C>T,3_prime_UTR_variant,,,,4,152110,0.00002629675892446256,0,0,0,2082,0,0,0,15268,0,0,0,10606,0,0,0,910,0,0,0,5200,0,0,0,316,0,0,4,41404,0,0,0,4828,0,0,0,3468,0,0,0,68028,0,0
22,21769153,rs1341340739,G,C,gnomAD Genomes,NA,PASS,ENST00000398822.7,c.*51C>G,,c.*51C>G,3_prime_UTR_variant,,,,1,152164,0.000006571856680949502,0,0,0,2084,0,0,1,15270,0,0,0,10612,0,0,0,912,0,0,0,5202,0,0,0,316,0,0,0,41428,0,0,0,4830,0,0,0,3470,0,0,0,68040,0,0
22,21769154,rs150526856,C,T,gnomAD Genomes,NA,PASS,ENST00000398822.7,c.*50G>A,,c.*50G>A,3_prime_UTR_variant,,,,10,152054,0.00006576610940849961,0,0,0,2084,0,0,8,15268,0,0,0,10574,0,0,0,912,0,0,0,5202,0,0,0,316,0,0,1,41376,0,0,1,4832,0,0,0,3470,0,0,0,68020,0,0
22,21769155,rs747054506,G,A,gnomAD Genomes,NA,PASS,ENST00000398822.7,c.*49C>T,,c.*49C>T,3_prime_UTR_variant,,,,11,152104,0.00007231893967285542,0,0,0,2084,0,0,0,15276,0,0,0,10596,0,0,0,912,0,0,0,5196,0,0,0,316,0,0,1,41414,0,0,0,4828,0,0,0,3472,0,0,10,68010,0,0
22,21769166,rs556379533,T,C,gnomAD Genomes,NA,PASS,ENST00000398822.7,c.*38A>G,,c.*38A>G,3_prime_UTR_variant,,,,12,152242,0.00007882187569790202,0,0,0,2090,0,0,0,15278,0,0,0,10620,0,0,0,912,0,0,1,5202,0,0,0,316,0,0,0,41472,0,0,11,4838,0,0,0,3466,0,0,0,68048,0,0
22,21769173,rs199968209,C,T,gnomAD Genomes,NA,PASS,ENST00000398822.7,c.*31G>A,,c.*31G>A,3_prime_UTR_variant,,,,142,152216,0.0009328848478477953,0,0,1,2090,0,0,13,15276,0,0,21,10610,0,0,0,912,0,0,0,5206,0,0,0,316,0,0,3,41460,0,0,1,4834,0,0,11,3472,0,0,92,68040,0,0
22,21769190,rs1416852286,G,C,gnomAD Genomes,NA,PASS,ENST00000215832.11,c.*9+5C>G,,c.*9+5C>G,splice_region_variant,,,,1,152180,0.000006571165724799579,0,0,0,2086,0,0,1,15272,0,0,0,10616,0,0,0,912,0,0,0,5204,0,0,0,316,0,0,0,41436,0,0,0,4836,0,0,0,3472,0,0,0,68030,0,0
22,21769199,rs760224856,C,T,gnomAD Genomes,NA,PASS,ENST00000215832.11,c.*5G>A,,c.*5G>A,3_prime_UTR_variant,,,,1,152212,0.000006569784248285286,0,0,0,2094,0,0,0,15284,0,0,0,10610,0,0,0,912,0,0,0,5204,0,0,0,316,0,0,1,41448,0,0,0,4832,0,0,0,3472,0,0,0,68040,0,0
22,21769219,rs1438823548,T,C,gnomAD Genomes,NA,PASS,ENST00000215832.11,p.Pro356Pro,p.Pro356Pro,c.1068A>G,synonymous_variant,,,,1,152230,0.000006569007422978388,0,0,0,2094,0,0,0,15292,0,0,0,10626,0,0,0,912,0,0,0,5204,0,0,0,316,0,0,0,41458,0,0,0,4830,0,0,0,3470,0,0,1,68028,0,0
22,21769225,rs984122726,G,A,gnomAD Genomes,NA,PASS,ENST00000215832.11,p.Phe354Phe,p.Phe354Phe,c.1062C>T,synonymous_variant,,,,2,152172,0.000013143022369424073,0,0,0,2094,0,0,0,15274,0,0,0,10612,0,0,0,912,0,0,0,5200,0,0,0,316,0,0,2,41434,0,0,0,4832,0,0,0,3470,0,0,0,68028,0,0
22,21769276,rs376884899,G,A,gnomAD Genomes,NA,PASS,ENST00000215832.11,p.Asp337Asp,p.Asp337Asp,c.1011C>T,synonymous_variant,,,,5,152170,0.000032857987776828546,0,0,0,2090,0,0,0,15266,0,0,0,10602,0,0,0,912,0,0,0,5202,0,0,0,316,0,0,5,41456,0,0,0,4826,0,0,0,3468,0,0,0,68032,0,0
22,21769284,rs200217556,A,G,gnomAD Genomes,NA,PASS,ENST00000215832.11,p.Leu335Leu,p.Leu335Leu,c.1003T>C,synonymous_variant,,,,1,152218,0.000006569525286102826,0,0,0,2094,0,0,0,15280,0,0,0,10614,0,0,0,912,0,0,0,5200,0,0,0,316,0,0,0,41458,0,0,0,4834,0,0,0,3470,0,0,1,68040,0,0
22,21769291,,G,T,gnomAD Genomes,NA,PASS,ENST00000215832.11,p.Asp332Glu,p.Asp332Glu,c.996C>A,missense_variant,,,,1,152182,0.0000065710793654965765,0,0,0,2094,0,0,0,15284,0,0,0,10604,0,0,0,912,0,0,0,5196,0,0,0,316,0,0,1,41436,0,0,0,4830,0,0,0,3472,0,0,0,68038,0,0
22,21769294,rs62235129,G,A,gnomAD Genomes,NA,PASS,ENST00000215832.11,p.Phe331Phe,p.Phe331Phe,c.993C>T,synonymous_variant,,,,3,152070,0.000019727756954034327,0,0,0,2088,0,0,1,15266,0,0,0,10584,0,0,0,912,0,0,0,5190,0,0,0,316,0,0,1,41402,0,0,0,4828,0,0,0,3470,0,0,1,68014,0,0
22,21769311,,C,T,gnomAD Genomes,NA,PASS,ENST00000215832.11,p.Glu326Lys,p.Glu326Lys,c.976G>A,missense_variant,,,,2,152116,0.000013147860843040837,0,0,0,2092,0,0,2,15268,0,0,0,10586,0,0,0,910,0,0,0,5198,0,0,0,316,0,0,0,41428,0,0,0,4824,0,0,0,3472,0,0,0,68022,0,0
22,21769312,rs35401654,G,A,gnomAD Genomes,NA,PASS,ENST00000215832.11,p.Ala325Ala,p.Ala325Ala,c.975C>T,synonymous_variant,,,,629,152096,0.004135545970965706,3,0,8,2090,0,0,29,15272,0,0,0,10588,0,0,0,912,0,0,0,5200,0,0,0,316,0,0,581,41404,3,0,0,4826,0,0,0,3472,0,0,11,68016,0,0
22,21769314,rs554673521,C,T,gnomAD Genomes,NA,PASS,ENST00000215832.11,p.Ala325Thr,p.Ala325Thr,c.973G>A,missense_variant,,,,1,152068,0.000006576005471236552,0,0,0,2090,0,0,0,15262,0,0,0,10588,0,0,0,912,0,0,1,5202,0,0,0,316,0,0,0,41390,0,0,0,4822,0,0,0,3468,0,0,0,68018,0,0
22,21769317,,T,C,gnomAD Genomes,NA,PASS,ENST00000215832.11,p.Ile324Val,p.Ile324Val,c.970A>G,missense_variant,,,,2,152226,0.000013138360069896076,0,0,0,2094,0,0,2,15278,0,0,0,10620,0,0,0,912,0,0,0,5208,0,0,0,316,0,0,0,41456,0,0,0,4830,0,0,0,3472,0,0,0,68040,0,0
22,21769327,rs771684800,A,G,gnomAD Genomes,NA,PASS,ENST00000215832.11,c.967-7T>C,,c.967-7T>C,splice_region_variant,,,,2,152226,0.000013138360069896076,0,0,0,2090,0,0,2,15280,0,0,0,10624,0,0,0,912,0,0,0,5198,0,0,0,316,0,0,0,41460,0,0,0,4830,0,0,0,3472,0,0,0,68044,0,0
22,21769327,rs771684800,A,C,gnomAD Genomes,NA,PASS,ENST00000215832.11,c.967-7T>G,,c.967-7T>G,splice_region_variant,,,,1,152226,0.000006569180034948038,0,0,0,2090,0,0,0,15280,0,0,0,10624,0,0,0,912,0,0,0,5198,0,0,0,316,0,0,0,41460,0,0,0,4830,0,0,0,3472,0,0,1,68044,0,0
22,21769336,rs371061867,A,G,gnomAD Genomes,NA,PASS,ENST00000215832.11,c.967-16T>C,,c.967-16T>C,intron_variant,,,,7,152242,0.00004597942749044285,0,0,0,2088,0,0,0,15276,0,0,0,10622,0,0,0,910,0,0,0,5204,0,0,0,316,0,0,1,41470,0,0,0,4836,0,0,0,3472,0,0,6,68048,0,0
22,21769338,rs574739044,A,C,gnomAD Genomes,NA,PASS,ENST00000215832.11,c.967-18T>G,,c.967-18T>G,intron_variant,,,,2,152206,0.000013140086461768918,0,0,0,2092,0,0,0,15272,0,0,0,10614,0,0,0,912,0,0,0,5204,0,0,0,316,0,0,0,41452,0,0,2,4832,0,0,0,3470,0,0,0,68042,0,0
22,21769351,rs371224353,A,G,gnomAD Genomes,NA,PASS,ENST00000215832.11,c.967-31T>C,,c.967-31T>C,intron_variant,,,,71,152210,0.00046646081072202877,0,0,0,2094,0,0,0,15284,0,0,0,10616,0,0,0,912,0,0,0,5200,0,0,0,316,0,0,71,41448,0,0,0,4834,0,0,0,3470,0,0,0,68036,0,0
22,21769361,rs12159146,T,C,gnomAD Genomes,NA,PASS,ENST00000215832.11,c.967-41A>G,,c.967-41A>G,intron_variant,,,,1596,152198,0.01048634016215719,38,0,17,2088,0,0,36,15270,0,0,0,10622,0,0,0,912,0,0,0,5208,0,0,0,316,0,0,1540,41436,38,0,0,4834,0,0,0,3472,0,0,3,68040,0,0
22,21769362,,G,A,gnomAD Genomes,NA,PASS,ENST00000215832.11,c.967-42C>T,,c.967-42C>T,intron_variant,,,,1,152212,0.000006569784248285286,0,0,0,2090,0,0,1,15268,0,0,0,10626,0,0,0,910,0,0,0,5200,0,0,0,316,0,0,0,41460,0,0,0,4830,0,0,0,3470,0,0,0,68042,0,0
22,21769372,rs753010447,G,A,gnomAD Genomes,NA,PASS,ENST00000215832.11,c.967-52C>T,,c.967-52C>T,intron_variant,,,,1,152210,0.000006569870573549701,0,0,0,2090,0,0,0,15276,0,0,1,10616,0,0,0,912,0,0,0,5206,0,0,0,316,0,0,0,41446,0,0,0,4836,0,0,0,3472,0,0,0,68040,0,0
22,21769381,rs1013629294,T,C,gnomAD Genomes,NA,PASS,ENST00000215832.11,c.967-61A>G,,c.967-61A>G,intron_variant,,,,2,152236,0.000013137497044063165,0,0,0,2088,0,0,0,15280,0,0,0,10626,0,0,0,912,0,0,0,5202,0,0,0,316,0,0,2,41464,0,0,0,4834,0,0,0,3472,0,0,0,68042,0,0
22,21772801,rs531157098,A,G,gnomAD Genomes,NA,PASS,ENST00000215832.11,c.966+72T>C,,c.966+72T>C,intron_variant,,,,65,152154,0.0004271987591519119,0,0,1,2088,0,0,1,15270,0,0,0,10626,0,0,0,912,0,0,0,5198,0,0,0,314,0,0,63,41426,0,0,0,4834,0,0,0,3470,0,0,0,68016,0,0
22,21772811,,G,A,gnomAD Genomes,NA,PASS,ENST00000215832.11,c.966+62C>T,,c.966+62C>T,intron_variant,,,,3,152134,0.000019719457846372277,0,0,0,2084,0,0,0,15268,0,0,0,10598,0,0,0,912,0,0,0,5206,0,0,0,316,0,0,0,41416,0,0,3,4822,0,0,0,3470,0,0,0,68042,0,0
22,21772816,rs150684423,G,A,gnomAD Genomes,NA,PASS,ENST00000215832.11,c.966+57C>T,,c.966+57C>T,intron_variant,,,,6,152132,0.00003943943417558436,0,0,0,2086,0,0,0,15250,0,0,0,10614,0,0,0,912,0,0,0,5196,0,0,0,316,0,0,6,41422,0,0,0,4828,0,0,0,3470,0,0,0,68038,0,0
22,21772821,rs1351678282,C,A,gnomAD Genomes,NA,PASS,ENST00000215832.11,c.966+52G>T,,c.966+52G>T,intron_variant,,,,6,152168,0.00003943010356973871,0,0,0,2090,0,0,0,15266,0,0,0,10618,0,0,0,912,0,0,0,5198,0,0,0,316,0,0,0,41444,0,0,0,4826,0,0,0,3466,0,0,6,68032,0,0
22,21772841,rs567905471,C,T,gnomAD Genomes,NA,PASS,ENST00000215832.11,c.966+32G>A,,c.966+32G>A,intron_variant,,,,1,152158,0.000006572115826969334,0,0,0,2090,0,0,0,15262,0,0,0,10614,0,0,0,912,0,0,0,5190,0,0,0,316,0,0,0,41430,0,0,1,4832,0,0,0,3470,0,0,0,68042,0,0
22,21772845,rs1036786965,A,G,gnomAD Genomes,NA,PASS,ENST00000215832.11,c.966+28T>C,,c.966+28T>C,intron_variant,,,,4,152176,0.00002628535380086216,0,0,1,2090,0,0,2,15270,0,0,0,10620,0,0,0,912,0,0,0,5192,0,0,0,316,0,0,1,41446,0,0,0,4832,0,0,0,3466,0,0,0,68032,0,0
22,21772859,rs930351683,A,G,gnomAD Genomes,NA,PASS,ENST00000215832.11,c.966+14T>C,,c.966+14T>C,intron_variant,,,,3,152184,0.000019712979025390316,0,0,0,2086,0,0,0,15266,0,0,0,10614,0,0,0,912,0,0,0,5202,0,0,0,316,0,0,0,41450,0,0,0,4832,0,0,0,3462,0,0,3,68044,0,0
22,21772863,rs536951979,G,A,gnomAD Genomes,NA,PASS,ENST00000215832.11,c.966+10C>T,,c.966+10C>T,intron_variant,,,,2,152170,0.000013143195110731419,0,0,0,2088,0,0,0,15272,0,0,0,10612,0,0,0,912,0,0,1,5198,0,0,0,316,0,0,0,41434,0,0,1,4826,0,0,0,3468,0,0,0,68044,0,0
22,21772864,rs1310330805,A,G,gnomAD Genomes,NA,PASS,ENST00000215832.11,c.966+9T>C,,c.966+9T>C,intron_variant,,,,1,152136,0.000006573066203922806,0,0,0,2088,0,0,0,15268,0,0,0,10606,0,0,0,912,0,0,0,5196,0,0,0,316,0,0,1,41428,0,0,0,4826,0,0,0,3466,0,0,0,68030,0,0
22,21772876,rs1803545,G,A,gnomAD Genomes,NA,PASS,ENST00000215832.11,p.Asp321Asp,p.Asp321Asp,c.963C>T,synonymous_variant,Benign,733407,,113,152126,0.0007428053061278151,2,0,1,2090,0,0,0,15250,0,0,0,10596,0,0,0,912,0,0,87,5192,2,0,0,316,0,0,11,41436,0,0,12,4828,0,0,0,3470,0,0,2,68036,0,0
22,21772882,rs778814312,C,T,gnomAD Genomes,NA,PASS,ENST00000215832.11,p.Pro319Pro,p.Pro319Pro,c.957G>A,synonymous_variant,,,,1,152170,0.0000065715975553657095,0,0,0,2092,0,0,1,15278,0,0,0,10618,0,0,0,912,0,0,0,5198,0,0,0,316,0,0,0,41422,0,0,0,4822,0,0,0,3472,0,0,0,68040,0,0
22,21772883,rs1569079002,G,A,gnomAD Genomes,NA,PASS,ENST00000215832.11,p.Pro319Leu,p.Pro319Leu,c.956C>T,missense_variant,Uncertain significance,1704734,,1,152116,0.000006573930421520419,0,0,0,2090,0,0,0,15266,0,0,0,10604,0,0,0,912,0,0,0,5194,0,0,0,316,0,0,0,41410,0,0,0,4828,0,0,0,3466,0,0,1,68030,0,0
22,21772888,rs747946339,G,A,gnomAD Genomes,NA,PASS,ENST00000215832.11,p.Tyr317Tyr,p.Tyr317Tyr,c.951C>T,synonymous_variant,,,,2,152162,0.000013143886121370644,0,0,0,2094,0,0,0,15276,0,0,0,10610,0,0,0,912,0,0,0,5196,0,0,0,316,0,0,1,41426,0,0,0,4826,0,0,0,3468,0,0,1,68038,0,0
22,21772908,,G,A,gnomAD Genomes,NA,PASS,ENST00000215832.11,p.Pro311Ser,p.Pro311Ser,c.931C>T,missense_variant,,,,1,152184,0.000006570993008463439,0,0,0,2088,0,0,0,15278,0,0,0,10618,0,0,0,912,0,0,0,5196,0,0,0,316,0,0,1,41442,0,0,0,4832,0,0,0,3468,0,0,0,68034,0,0
22,21772912,rs771875113,G,A,gnomAD Genomes,NA,PASS,ENST00000215832.11,p.Ala309Ala,p.Ala309Ala,c.927C>T,synonymous_variant,,,,1,152136,0.000006573066203922806,0,0,0,2090,0,0,0,15270,0,0,0,10612,0,0,0,912,0,0,0,5194,0,0,0,316,0,0,0,41410,0,0,0,4832,0,0,0,3470,0,0,1,68030,0,0
22,21772925,,T,C,gnomAD Genomes,NA,PASS,ENST00000215832.11,p.Glu305Gly,p.Glu305Gly,c.914A>G,missense_variant,Uncertain significance,1307140,,1,152232,0.000006568921120395186,0,0,0,2094,0,0,0,15278,0,0,0,10630,0,0,0,912,0,0,0,5194,0,0,0,316,0,0,1,41464,0,0,0,4834,0,0,0,3468,0,0,0,68042,0,0
22,21772933,rs138957490,A,T,gnomAD Genomes,NA,PASS,ENST00000215832.11,p.Ile302Ile,p.Ile302Ile,c.906T>A,synonymous_variant,,,,18,152156,0.0001182996398433187,0,0,0,2092,0,0,1,15258,0,0,0,10618,0,0,0,912,0,0,0,5190,0,0,0,316,0,0,17,41436,0,0,0,4830,0,0,0,3472,0,0,0,68032,0,0
22,21772933,rs138957490,A,G,gnomAD Genomes,NA,PASS,ENST00000215832.11,p.Ile302Ile,p.Ile302Ile,c.906T>C,synonymous_variant,,,,1,152156,0.0000065722022135177055,0,0,0,2092,0,0,0,15258,0,0,0,10618,0,0,0,912,0,0,0,5190,0,0,0,316,0,0,0,41436,0,0,1,4830,0,0,0,3472,0,0,0,68032,0,0
22,21772949,rs1289443802,T,C,gnomAD Genomes,NA,PASS,ENST00000215832.11,p.Asn297Ser,p.Asn297Ser,c.890A>G,missense_variant,,,,1,152158,0.000006572115826969334,0,0,0,2094,0,0,0,15274,0,0,0,10610,0,0,0,912,0,0,0,5198,0,0,0,316,0,0,1,41426,0,0,0,4828,0,0,0,3468,0,0,0,68032,0,0
22,21772951,rs371304428,G,A,gnomAD Genomes,NA,PASS,ENST00000215832.11,p.Phe296Phe,p.Phe296Phe,c.888C>T,synonymous_variant,Likely benign,2571153,,1,152188,0.000006570820301206403,0,0,0,2092,0,0,0,15264,0,0,0,10616,0,0,0,912,0,0,0,5202,0,0,0,316,0,0,0,41442,0,0,0,4834,0,0,0,3472,0,0,1,68038,0,0
22,21772956,,T,C,gnomAD Genomes,NA,PASS,ENST00000215832.11,p.Thr295Ala,p.Thr295Ala,c.883A>G,missense_variant,,,,1,152208,0.000006569956901082729,0,0,0,2094,0,0,0,15266,0,0,0,10616,0,0,0,912,0,0,0,5202,0,0,0,316,0,0,0,41462,0,0,0,4832,0,0,0,3472,0,0,1,68036,0,0
22,21772959,rs1158150864,A,G,gnomAD Genomes,NA,PASS,ENST00000215832.11,p.Leu294Leu,p.Leu294Leu,c.880T>C,synonymous_variant,,,,2,152194,0.000013141122514685205,0,0,0,2094,0,0,2,15266,0,0,0,10616,0,0,0,912,0,0,0,5200,0,0,0,316,0,0,0,41450,0,0,0,4832,0,0,0,3468,0,0,0,68040,0,0
22,21772971,rs147414870,A,G,gnomAD Genomes,NA,PASS,ENST00000215832.11,p.Leu290Leu,p.Leu290Leu,c.868T>C,synonymous_variant,,,,57,152166,0.0003745909072986081,0,0,0,2094,0,0,5,15266,0,0,0,10620,0,0,0,912,0,0,2,5196,0,0,0,316,0,0,48,41432,0,0,0,4826,0,0,0,3472,0,0,2,68032,0,0
22,21772986,rs1057407181,T,G,gnomAD Genomes,NA,PASS,ENST00000215832.11,c.857-4A>C,,c.857-4A>C,splice_region_variant,,,,2,152120,0.000013147515119642387,0,0,0,2094,0,0,0,15256,0,0,0,10608,0,0,0,910,0,0,0,5196,0,0,0,316,0,0,2,41428,0,0,0,4830,0,0,0,3468,0,0,0,68014,0,0
22,21773003,rs889686624,C,T,gnomAD Genomes,NA,PASS,ENST00000215832.11,c.857-21G>A,,c.857-21G>A,intron_variant,,,,2,152112,0.000013148206584621858,0,0,0,2088,0,0,0,15264,0,0,0,10590,0,0,0,912,0,0,0,5196,0,0,0,316,0,0,0,41410,0,0,0,4830,0,0,0,3472,0,0,2,68034,0,0
22,21773005,rs764492043,G,C,gnomAD Genomes,NA,PASS,ENST00000215832.11,c.857-23C>G,,c.857-23C>G,intron_variant,,,,1,152170,0.0000065715975553657095,0,0,0,2088,0,0,0,15274,0,0,0,10604,0,0,0,910,0,0,0,5202,0,0,0,316,0,0,0,41444,0,0,0,4834,0,0,0,3472,0,0,1,68026,0,0
22,21773006,rs1013112250,T,C,gnomAD Genomes,NA,PASS,ENST00000215832.11,c.857-24A>G,,c.857-24A>G,intron_variant,,,,11,152146,0.0000722989759835947,0,0,0,2088,0,0,0,15260,0,0,0,10606,0,0,0,912,0,0,0,5200,0,0,0,316,0,0,11,41430,0,0,0,4828,0,0,0,3470,0,0,0,68036,0,0
22,21773008,rs751832899,G,C,gnomAD Genomes,NA,PASS,ENST00000215832.11,c.857-26C>G,,c.857-26C>G,intron_variant,,,,1,152168,0.000006571683928289785,0,0,0,2088,0,0,0,15262,0,0,0,10612,0,0,0,912,0,0,0,5198,0,0,0,316,0,0,1,41442,0,0,0,4832,0,0,0,3470,0,0,0,68036,0,0
22,21773010,rs1290824829,G,T,gnomAD Genomes,NA,PASS,ENST00000215832.11,c.857-28C>A,,c.857-28C>A,intron_variant,,,,1,152154,0.000006572288602337106,0,0,0,2090,0,0,0,15268,0,0,0,10606,0,0,0,912,0,0,0,5202,0,0,0,316,0,0,0,41428,0,0,0,4832,0,0,0,3470,0,0,1,68030,0,0
22,21773015,rs1023059439,C,T,gnomAD Genomes,NA,PASS,ENST00000215832.11,c.857-33G>A,,c.857-33G>A,intron_variant,,,,1,152134,0.0000065731526154574255,0,0,0,2090,0,0,0,15270,0,0,0,10602,0,0,0,910,0,0,0,5190,0,0,0,316,0,0,0,41416,0,0,0,4828,0,0,0,3472,0,0,1,68040,0,0
22,21773018,rs750566032,A,T,gnomAD Genomes,NA,PASS,ENST00000215832.11,c.857-36T>A,,c.857-36T>A,intron_variant,,,,1,152194,0.000006570561257342603,0,0,0,2088,0,0,0,15270,0,0,0,10622,0,0,0,912,0,0,0,5202,0,0,0,316,0,0,1,41440,0,0,0,4832,0,0,0,3468,0,0,0,68044,0,0
22,21773022,rs202198288,A,C,gnomAD Genomes,NA,PASS,ENST00000215832.11,c.857-40T>G,,c.857-40T>G,intron_variant,,,,5,152182,0.000032855396827482884,0,0,0,2090,0,0,0,15264,0,0,0,10624,0,0,0,912,0,0,5,5200,0,0,0,316,0,0,0,41430,0,0,0,4836,0,0,0,3468,0,0,0,68042,0,0
22,21773028,rs28763889,A,G,gnomAD Genomes,NA,PASS,ENST00000215832.11,c.857-46T>C,,c.857-46T>C,intron_variant,,,,856,152180,0.00562491786042844,11,0,9,2088,0,0,29,15266,0,0,0,10622,0,0,0,910,0,0,0,5196,0,0,0,316,0,0,815,41444,11,0,1,4834,0,0,0,3472,0,0,2,68032,0,0
22,21773034,,A,G,gnomAD Genomes,NA,PASS,ENST00000215832.11,c.857-52T>C,,c.857-52T>C,intron_variant,,,,1,152148,0.000006572547782422378,0,0,0,2086,0,0,0,15266,0,0,0,10618,0,0,0,912,0,0,0,5192,0,0,0,316,0,0,0,41420,0,0,1,4832,0,0,0,3464,0,0,0,68042,0,0
22,21773038,rs1040771802,C,G,gnomAD Genomes,NA,PASS,ENST00000215832.11,c.857-56G>C,,c.857-56G>C,intron_variant,,,,1,152078,0.000006575573061192283,0,0,0,2080,0,0,0,15260,0,0,0,10602,0,0,0,912,0,0,0,5192,0,0,0,316,0,0,0,41398,0,0,0,4822,0,0,0,3472,0,0,1,68024,0,0
22,21773045,rs1320123399,C,T,gnomAD Genomes,NA,PASS,ENST00000215832.11,c.857-63G>A,,c.857-63G>A,intron_variant,,,,1,152050,0.000006576783952647156,0,0,0,2078,0,0,0,15258,0,0,0,10586,0,0,0,912,0,0,0,5190,0,0,0,316,0,0,1,41400,0,0,0,4818,0,0,0,3472,0,0,0,68020,0,0
22,21773053,rs1431209759,G,A,gnomAD Genomes,NA,PASS,ENST00000215832.11,c.857-71C>T,,c.857-71C>T,intron_variant,,,,1,152050,0.000006576783952647156,0,0,0,2090,0,0,0,15268,0,0,0,10588,0,0,0,912,0,0,0,5180,0,0,0,316,0,0,0,41392,0,0,0,4822,0,0,0,3466,0,0,1,68016,0,0
22,21773055,,A,G,gnomAD Genomes,NA,PASS,ENST00000215832.11,c.857-73T>C,,c.857-73T>C,intron_variant,,,,1,152146,0.0000065726341803267915,0,0,0,2084,0,0,0,15264,0,0,0,10614,0,0,0,912,0,0,0,5186,0,0,0,316,0,0,1,41428,0,0,0,4830,0,0,0,3468,0,0,0,68044,0,0
22,21788186,,T,A,gnomAD Genomes,NA,PASS,ENST00000215832.11,c.856+71A>T,,c.856+71A>T,intron_variant,,,,1,151594,0.000006596567146456984,0,0,0,2072,0,0,0,15200,0,0,0,10352,0,0,0,912,0,0,0,5180,0,0,0,310,0,0,0,41314,0,0,1,4818,0,0,0,3472,0,0,0,67964,0,0
22,21788194,rs975961443,C,T,gnomAD Genomes,NA,PASS,ENST00000215832.11,c.856+63G>A,,c.856+63G>A,intron_variant,,,,2,151874,0.000013168810988055889,0,0,0,2080,0,0,0,15250,0,0,0,10484,0,0,0,908,0,0,0,5188,0,0,0,316,0,0,2,41352,0,0,0,4828,0,0,0,3472,0,0,0,67996,0,0
22,21788196,rs377168607,A,G,gnomAD Genomes,NA,PASS,ENST00000215832.11,c.856+61T>C,,c.856+61T>C,intron_variant,,,,3,152172,0.00001971453355413611,0,0,0,2088,0,0,0,15260,0,0,0,10618,0,0,0,910,0,0,3,5198,0,0,0,316,0,0,0,41442,0,0,0,4832,0,0,0,3470,0,0,0,68038,0,0
22,21788201,,A,C,gnomAD Genomes,NA,PASS,ENST00000215832.11,c.856+56T>G,,c.856+56T>G,intron_variant,,,,1,152220,0.000006569438969911969,0,0,0,2086,0,0,0,15266,0,0,0,10624,0,0,0,912,0,0,0,5200,0,0,0,316,0,0,0,41462,0,0,0,4836,0,0,0,3472,0,0,1,68046,0,0
22,21788206,rs1325472826,T,C,gnomAD Genomes,NA,PASS,ENST00000215832.11,c.856+51A>G,,c.856+51A>G,intron_variant,,,,1,151882,0.00000658405867713093,0,0,0,2076,0,0,0,15240,0,0,0,10522,0,0,0,912,0,0,0,5180,0,0,0,316,0,0,1,41378,0,0,0,4820,0,0,0,3472,0,0,0,67966,0,0
22,21788210,rs368482437,C,A,gnomAD Genomes,NA,PASS,ENST00000215832.11,c.856+47G>T,,c.856+47G>T,intron_variant,,,,1,152026,0.000006577822214621183,0,0,0,2088,0,0,0,15244,0,0,0,10546,0,0,0,912,0,0,0,5194,0,0,0,316,0,0,1,41404,0,0,0,4834,0,0,0,3472,0,0,0,68016,0,0
22,21788210,rs368482437,C,T,gnomAD Genomes,NA,PASS,ENST00000215832.11,c.856+47G>A,,c.856+47G>A,intron_variant,,,,122,152024,0.0008025048676524759,0,0,0,2088,0,0,9,15244,0,0,0,10546,0,0,0,912,0,0,0,5194,0,0,0,316,0,0,112,41402,0,0,0,4834,0,0,0,3472,0,0,1,68016,0,0
22,21788211,rs372091735,G,A,gnomAD Genomes,NA,PASS,ENST00000215832.11,c.856+46C>T,,c.856+46C>T,intron_variant,,,,25,152026,0.00016444555536552957,0,0,1,2088,0,0,3,15260,0,0,0,10566,0,0,0,912,0,0,0,5192,0,0,0,316,0,0,18,41390,0,0,2,4826,0,0,1,3470,0,0,0,68006,0,0
22,21788212,rs2276010,C,T,gnomAD Genomes,NA,PASS,ENST00000215832.11,c.856+45G>A,,c.856+45G>A,intron_variant,,,,125,152028,0.0008222169600336781,2,0,0,2082,0,0,2,15248,0,0,0,10566,0,0,0,912,0,0,111,5188,2,0,0,316,0,0,0,41402,0,0,10,4830,0,0,0,3470,0,0,2,68014,0,0
22,21788219,rs1488538354,A,G,gnomAD Genomes,NA,PASS,ENST00000215832.11,c.856+38T>C,,c.856+38T>C,intron_variant,,,,1,152222,0.000006569352655989279,0,0,0,2088,0,0,0,15282,0,0,0,10620,0,0,0,912,0,0,0,5196,0,0,0,316,0,0,0,41454,0,0,0,4836,0,0,0,3472,0,0,1,68046,0,0
22,21788220,rs780990222,A,G,gnomAD Genomes,NA,PASS,ENST00000215832.11,c.856+37T>C,,c.856+37T>C,intron_variant,,,,4,152216,0.000026278446418247754,0,0,1,2090,0,0,0,15276,0,0,0,10622,0,0,0,912,0,0,0,5200,0,0,0,316,0,0,0,41454,0,0,0,4832,0,0,0,3470,0,0,3,68044,0,0
22,21788222,rs1353621151,C,T,gnomAD Genomes,NA,PASS,ENST00000215832.11,c.856+35G>A,,c.856+35G>A,intron_variant,,,,1,152044,0.000006577043487411538,0,0,0,2082,0,0,0,15260,0,0,0,10578,0,0,0,912,0,0,0,5190,0,0,0,316,0,0,0,41406,0,0,0,4826,0,0,0,3472,0,0,1,68002,0,0
22,21788234,rs769406350,C,T,gnomAD Genomes,NA,PASS,ENST00000215832.11,c.856+23G>A,,c.856+23G>A,intron_variant,,,,9,152140,0.00005915604048902327,0,0,0,2092,0,0,0,15268,0,0,0,10616,0,0,0,912,0,0,0,5194,0,0,0,316,0,0,7,41428,0,0,0,4834,0,0,0,3470,0,0,2,68010,0,0
22,21788242,rs775905777,C,T,gnomAD Genomes,NA,PASS,ENST00000215832.11,c.856+15G>A,,c.856+15G>A,intron_variant,,,,1,152144,0.000006572720580502681,0,0,0,2094,0,0,0,15266,0,0,0,10604,0,0,0,912,0,0,0,5198,0,0,0,316,0,0,0,41426,0,0,1,4832,0,0,0,3470,0,0,0,68026,0,0
22,21788243,rs369637497,G,C,gnomAD Genomes,NA,PASS,ENST00000215832.11,c.856+14C>G,,c.856+14C>G,intron_variant,,,,2,152140,0.000013145786775338504,0,0,1,2086,0,0,0,15268,0,0,0,10598,0,0,0,912,0,0,0,5202,0,0,0,316,0,0,0,41434,0,0,0,4828,0,0,0,3470,0,0,1,68026,0,0
22,21788243,rs369637497,G,A,gnomAD Genomes,NA,PASS,ENST00000215832.11,c.856+14C>T,,c.856+14C>T,intron_variant,,,,16,152140,0.00010516629420270803,0,0,0,2086,0,0,2,15268,0,0,0,10598,0,0,0,912,0,0,0,5202,0,0,0,316,0,0,12,41434,0,0,0,4828,0,0,0,3470,0,0,2,68026,0,0
22,21788246,rs1218673886,A,G,gnomAD Genomes,NA,PASS,ENST00000215832.11,c.856+11T>C,,c.856+11T>C,intron_variant,,,,2,152206,0.000013140086461768918,0,0,0,2090,0,0,1,15276,0,0,0,10614,0,0,0,912,0,0,0,5200,0,0,0,316,0,0,0,41460,0,0,0,4830,0,0,0,3472,0,0,1,68036,0,0
22,21788252,rs774795067,T,C,gnomAD Genomes,NA,PASS,ENST00000215832.11,c.856+5A>G,,c.856+5A>G,splice_region_variant,,,,1,152152,0.000006572374993427625,0,0,0,2088,0,0,0,15270,0,0,0,10614,0,0,0,912,0,0,0,5192,0,0,0,316,0,0,1,41438,0,0,0,4828,0,0,0,3472,0,0,0,68022,0,0
22,21788263,rs762158416,A,G,gnomAD Genomes,NA,PASS,ENST00000215832.11,p.Ser284Pro,p.Ser284Pro,c.850T>C,missense_variant,,,,2,152262,0.000013135253707425359,0,0,0,2094,0,0,0,15286,0,0,0,10626,0,0,0,912,0,0,0,5204,0,0,0,316,0,0,0,41472,0,0,0,4838,0,0,0,3472,0,0,2,68042,0,0
22,21788264,,G,A,gnomAD Genomes,NA,PASS,ENST00000215832.11,p.Asp283Asp,p.Asp283Asp,c.849C>T,synonymous_variant,,,,1,152240,0.000006568575932737782,0,0,0,2092,0,0,0,15282,0,0,0,10620,0,0,0,912,0,0,0,5200,0,0,0,316,0,0,0,41468,0,0,0,4834,0,0,0,3472,0,0,1,68044,0,0
22,21788291,rs148022781,T,C,gnomAD Genomes,NA,PASS,ENST00000215832.11,p.Pro274Pro,p.Pro274Pro,c.822A>G,synonymous_variant,,,,117,152242,0.0007685132880545447,0,0,0,2088,0,0,8,15276,0,0,0,10624,0,0,0,912,0,0,0,5202,0,0,0,316,0,0,107,41470,0,0,1,4836,0,0,0,3468,0,0,1,68050,0,0
22,21788301,rs751651383,T,G,gnomAD Genomes,NA,PASS,ENST00000215832.11,p.Asn271Thr,p.Asn271Thr,c.812A>C,missense_variant,,,,1,152238,0.0000065686622262510016,0,0,0,2094,0,0,0,15286,0,0,0,10628,0,0,0,912,0,0,0,5194,0,0,0,316,0,0,0,41462,0,0,0,4836,0,0,0,3472,0,0,1,68038,0,0
22,21788302,rs1398062479,T,C,gnomAD Genomes,NA,PASS,ENST00000215832.11,p.Asn271Asp,p.Asn271Asp,c.811A>G,missense_variant,,,,1,152240,0.000006568575932737782,0,0,0,2094,0,0,0,15280,0,0,0,10626,0,0,0,912,0,0,0,5200,0,0,0,316,0,0,1,41462,0,0,0,4830,0,0,0,3470,0,0,0,68050,0,0
22,21788309,rs201257378,T,C,gnomAD Genomes,NA,PASS,ENST00000215832.11,p.Pro268Pro,p.Pro268Pro,c.804A>G,synonymous_variant,,,,14,152212,0.000091976979475994,0,0,0,2084,0,0,0,15276,0,0,0,10628,0,0,0,912,0,0,0,5192,0,0,0,316,0,0,2,41456,0,0,0,4832,0,0,9,3472,0,0,3,68044,0,0
22,21788321,rs994910873,C,T,gnomAD Genomes,NA,PASS,ENST00000215832.11,p.Leu264Leu,p.Leu264Leu,c.792G>A,synonymous_variant,,,,1,152160,0.000006572029442691903,0,0,0,2094,0,0,1,15276,0,0,0,10614,0,0,0,912,0,0,0,5194,0,0,0,316,0,0,0,41434,0,0,0,4836,0,0,0,3472,0,0,0,68012,0,0
22,21788323,rs141683377,A,G,gnomAD Genomes,NA,PASS,ENST00000215832.11,p.Leu264Leu,p.Leu264Leu,c.790T>C,synonymous_variant,,,,10,152222,0.00006569352655989278,0,0,0,2092,0,0,0,15284,0,0,0,10622,0,0,0,912,0,0,0,5200,0,0,0,316,0,0,0,41446,0,0,0,4836,0,0,0,3470,0,0,10,68044,0,0
22,21788350,rs375334289,T,C,gnomAD Genomes,NA,PASS,ENST00000215832.11,p.Ile255Val,p.Ile255Val,c.763A>G,missense_variant,Likely pathogenic,1299571,,3,152230,0.000019707022268935163,0,0,0,2094,0,0,0,15274,0,0,0,10626,0,0,0,912,0,0,0,5202,0,0,0,316,0,0,3,41456,0,0,0,4834,0,0,0,3470,0,0,0,68046,0,0
22,21788354,rs150527504,A,G,gnomAD Genomes,NA,PASS,ENST00000215832.11,p.Asn253Asn,p.Asn253Asn,c.759T>C,synonymous_variant,,,,14,152218,0.00009197335400543957,0,0,0,2094,0,0,1,15270,0,0,0,10628,0,0,0,912,0,0,0,5202,0,0,0,316,0,0,13,41460,0,0,0,4832,0,0,0,3470,0,0,0,68034,0,0
22,21788359,rs757106100,G,T,gnomAD Genomes,NA,PASS,ENST00000215832.11,p.Leu252Met,p.Leu252Met,c.754C>A,missense_variant,,,,1,152124,0.000006573584707212537,0,0,0,2090,0,0,0,15260,0,0,0,10596,0,0,0,912,0,0,0,5200,0,0,0,316,0,0,0,41420,0,0,0,4828,0,0,0,3472,0,0,1,68030,0,0
22,21788375,rs201007754,G,C,gnomAD Genomes,NA,PASS,ENST00000215832.11,p.Ser246Ser,p.Ser246Ser,c.738C>G,synonymous_variant,,,,1,152054,0.000006576610940849961,0,0,0,2090,0,0,0,15240,0,0,0,10594,0,0,0,912,0,0,0,5202,0,0,0,316,0,0,1,41400,0,0,0,4812,0,0,0,3470,0,0,0,68018,0,0
22,21788375,rs201007754,G,T,gnomAD Genomes,NA,PASS,ENST00000215832.11,p.Ser246Ser,p.Ser246Ser,c.738C>A,synonymous_variant,,,,3,152054,0.000019729832822549883,0,0,0,2090,0,0,0,15240,0,0,0,10594,0,0,0,912,0,0,0,5202,0,0,0,316,0,0,3,41400,0,0,0,4812,0,0,0,3470,0,0,0,68018,0,0
22,21788378,rs779641008,T,C,gnomAD Genomes,NA,PASS,ENST00000215832.11,p.Gly245Gly,p.Gly245Gly,c.735A>G,synonymous_variant,,,,1,152156,0.0000065722022135177055,0,0,0,2090,0,0,0,15254,0,0,0,10606,0,0,0,912,0,0,0,5196,0,0,0,316,0,0,0,41452,0,0,1,4830,0,0,0,3470,0,0,0,68030,0,0
22,21788406,,T,G,gnomAD Genomes,NA,PASS,ENST00000215832.11,c.725-18A>C,,c.725-18A>C,intron_variant,,,,1,152146,0.0000065726341803267915,0,0,0,2088,0,0,0,15272,0,0,0,10612,0,0,0,912,0,0,0,5198,0,0,0,316,0,0,0,41430,0,0,1,4824,0,0,0,3472,0,0,0,68022,0,0
22,21788406,rs1213325708,T,C,gnomAD Genomes,NA,PASS,ENST00000215832.11,c.725-18A>G,,c.725-18A>G,intron_variant,,,,1,152146,0.0000065726341803267915,0,0,0,2088,0,0,0,15272,0,0,0,10612,0,0,0,912,0,0,0,5198,0,0,0,316,0,0,0,41430,0,0,0,4824,0,0,0,3472,0,0,1,68022,0,0
22,21788411,rs748692151,A,G,gnomAD Genomes,NA,PASS,ENST00000215832.11,c.725-23T>C,,c.725-23T>C,intron_variant,,,,2,152204,0.000013140259125909963,0,0,0,2092,0,0,0,15274,0,0,0,10616,0,0,0,912,0,0,0,5202,0,0,0,316,0,0,2,41458,0,0,0,4832,0,0,0,3472,0,0,0,68030,0,0
22,21788418,rs369108891,A,T,gnomAD Genomes,NA,PASS,ENST00000215832.11,c.725-30T>A,,c.725-30T>A,intron_variant,,,,15,152232,0.0000985338168059278,0,0,0,2090,0,0,0,15280,0,0,0,10626,0,0,0,912,0,0,0,5202,0,0,0,316,0,0,2,41464,0,0,0,4830,0,0,0,3472,0,0,13,68040,0,0
22,21788418,rs369108891,A,G,gnomAD Genomes,NA,PASS,ENST00000215832.11,c.725-30T>C,,c.725-30T>C,intron_variant,,,,1,152232,0.000006568921120395186,0,0,0,2090,0,0,0,15280,0,0,0,10626,0,0,0,912,0,0,0,5202,0,0,0,316,0,0,0,41464,0,0,0,4830,0,0,0,3472,0,0,1,68040,0,0
22,21788436,rs750600537,G,A,gnomAD Genomes,NA,PASS,ENST00000215832.11,c.725-48C>T,,c.725-48C>T,intron_variant,,,,1,152160,0.000006572029442691903,0,0,0,2092,0,0,0,15266,0,0,0,10604,0,0,0,912,0,0,0,5200,0,0,0,316,0,0,1,41436,0,0,0,4830,0,0,0,3472,0,0,0,68032,0,0
22,21788439,rs774705543,T,C,gnomAD Genomes,NA,PASS,ENST00000215832.11,c.725-51A>G,,c.725-51A>G,intron_variant,,,,1,152200,0.00000657030223390276,0,0,0,2088,0,0,0,15266,0,0,0,10618,0,0,0,912,0,0,1,5200,0,0,0,316,0,0,0,41462,0,0,0,4828,0,0,0,3470,0,0,0,68040,0,0
22,21788450,rs997095109,A,G,gnomAD Genomes,NA,PASS,ENST00000215832.11,c.725-62T>C,,c.725-62T>C,intron_variant,,,,6,152176,0.00003942803070129324,0,0,0,2086,0,0,0,15258,0,0,0,10618,0,0,0,912,0,0,0,5196,0,0,0,316,0,0,3,41458,0,0,0,4824,0,0,0,3472,0,0,3,68036,0,0
22,21788454,rs1167326129,C,G,gnomAD Genomes,NA,PASS,ENST00000215832.11,c.725-66G>C,,c.725-66G>C,intron_variant,,,,3,152170,0.00001971479266609713,0,0,0,2090,0,0,0,15266,0,0,0,10618,0,0,0,912,0,0,0,5198,0,0,0,316,0,0,1,41448,0,0,0,4824,0,0,0,3472,0,0,2,68026,0,0
22,21788460,rs565205409,C,T,gnomAD Genomes,NA,PASS,ENST00000215832.11,c.725-72G>A,,c.725-72G>A,intron_variant,,,,3,152118,0.00001972153196860332,0,0,0,2088,0,0,0,15262,0,0,0,10600,0,0,0,912,0,0,0,5198,0,0,0,316,0,0,0,41428,0,0,2,4828,0,0,0,3470,0,0,1,68016,0,0
22,21788461,rs181439481,G,A,gnomAD Genomes,NA,PASS,ENST00000215832.11,c.725-73C>T,,c.725-73C>T,intron_variant,,,,4,152118,0.00002629537595813776,0,0,2,2094,0,0,1,15264,0,0,0,10598,0,0,0,912,0,0,0,5204,0,0,0,316,0,0,1,41416,0,0,0,4822,0,0,0,3468,0,0,0,68024,0,0
22,21788461,rs181439481,G,T,gnomAD Genomes,NA,PASS,ENST00000215832.11,c.725-73C>A,,c.725-73C>A,intron_variant,,,,6,152118,0.00003944306393720664,0,0,0,2094,0,0,0,15264,0,0,1,10598,0,0,0,912,0,0,0,5204,0,0,0,316,0,0,0,41416,0,0,0,4822,0,0,0,3468,0,0,5,68024,0,0
22,21788624,,A,G,gnomAD Genomes,NA,PASS,ENST00000215832.11,c.724+70T>C,,c.724+70T>C,intron_variant,,,,1,152244,0.0000065684033525130715,0,0,0,2092,0,0,0,15290,0,0,0,10626,0,0,0,912,0,0,0,5208,0,0,0,316,0,0,0,41456,0,0,0,4834,0,0,0,3470,0,0,1,68040,0,0
22,21788635,,T,C,gnomAD Genomes,NA,PASS,ENST00000215832.11,c.724+59A>G,,c.724+59A>G,intron_variant,,,,1,152200,0.00000657030223390276,0,0,0,2086,0,0,0,15276,0,0,0,10618,0,0,0,910,0,0,0,5200,0,0,0,316,0,0,0,41450,0,0,0,4826,0,0,0,3470,0,0,1,68048,0,0
22,21788637,rs749814246,G,C,gnomAD Genomes,NA,PASS,ENST00000215832.11,c.724+57C>G,,c.724+57C>G,intron_variant,,,,14,152192,0.00009198906644238857,0,0,0,2088,0,0,0,15278,0,0,0,10620,0,0,0,910,0,0,0,5206,0,0,0,316,0,0,1,41448,0,0,0,4828,0,0,0,3466,0,0,13,68032,0,0
22,21788645,,C,A,gnomAD Genomes,NA,PASS,ENST00000215832.11,c.724+49G>T,,c.724+49G>T,intron_variant,,,,1,152166,0.000006571770303484353,0,0,0,2086,0,0,0,15268,0,0,0,10610,0,0,0,912,0,0,0,5200,0,0,0,316,0,0,0,41446,0,0,0,4834,0,0,0,3470,0,0,1,68024,0,0
22,21788647,rs773524371,G,T,gnomAD Genomes,NA,PASS,ENST00000215832.11,c.724+47C>A,,c.724+47C>A,intron_variant,,,,1,152166,0.000006571770303484353,0,0,0,2088,0,0,0,15270,0,0,1,10606,0,0,0,912,0,0,0,5200,0,0,0,316,0,0,0,41448,0,0,0,4834,0,0,0,3468,0,0,0,68024,0,0
22,21788650,rs1354134368,C,T,gnomAD Genomes,NA,PASS,ENST00000215832.11,c.724+44G>A,,c.724+44G>A,intron_variant,,,,1,152170,0.0000065715975553657095,0,0,0,2086,0,0,0,15268,0,0,0,10606,0,0,0,912,0,0,0,5198,0,0,0,316,0,0,1,41458,0,0,0,4826,0,0,0,3468,0,0,0,68032,0,0
22,21788660,rs1435173768,T,G,gnomAD Genomes,NA,PASS,ENST00000215832.11,c.724+34A>C,,c.724+34A>C,intron_variant,,,,2,152174,0.000013142849632657353,0,0,0,2094,0,0,0,15270,0,0,2,10620,0,0,0,912,0,0,0,5194,0,0,0,316,0,0,0,41444,0,0,0,4832,0,0,0,3468,0,0,0,68024,0,0
22,21788665,rs56080243,C,T,gnomAD Genomes,NA,PASS,ENST00000215832.11,c.724+29G>A,,c.724+29G>A,intron_variant,,,,1971,152162,0.01295329977261077,25,0,24,2088,0,0,151,15274,2,0,384,10606,11,0,0,912,0,0,0,5200,0,0,1,316,0,0,124,41448,0,0,17,4820,0,0,2,3470,0,0,1268,68028,12,0
22,21788669,,C,T,gnomAD Genomes,NA,PASS,ENST00000215832.11,c.724+25G>A,,c.724+25G>A,intron_variant,,,,1,152176,0.00000657133845021554,0,0,0,2084,0,0,0,15272,0,0,0,10616,0,0,0,912,0,0,0,5196,0,0,0,316,0,0,0,41440,0,0,0,4834,0,0,0,3466,0,0,1,68040,0,0
22,21788682,rs372479648,C,T,gnomAD Genomes,NA,PASS,ENST00000215832.11,c.724+12G>A,,c.724+12G>A,intron_variant,,,,5,152166,0.00003285885151742176,0,0,1,2086,0,0,0,15260,0,0,0,10614,0,0,0,912,0,0,1,5202,0,0,0,316,0,0,0,41438,0,0,2,4830,0,0,0,3468,0,0,1,68040,0,0
22,21788683,rs776776553,G,A,gnomAD Genomes,NA,PASS,ENST00000215832.11,c.724+11C>T,,c.724+11C>T,intron_variant,,,,2,152128,0.000013146823727387464,0,0,0,2088,0,0,1,15250,0,0,0,10606,0,0,0,912,0,0,0,5200,0,0,0,316,0,0,1,41430,0,0,0,4822,0,0,0,3466,0,0,0,68038,0,0
22,21788684,,G,A,gnomAD Genomes,NA,PASS,ENST00000215832.11,c.724+10C>T,,c.724+10C>T,intron_variant,,,,1,152146,0.0000065726341803267915,0,0,0,2090,0,0,0,15256,0,0,0,10604,0,0,0,912,0,0,0,5188,0,0,0,316,0,0,1,41440,0,0,0,4834,0,0,0,3470,0,0,0,68036,0,0
22,21788710,rs779358470,C,T,gnomAD Genomes,NA,PASS,ENST00000215832.11,p.Gln236Gln,p.Gln236Gln,c.708G>A,synonymous_variant,,,,3,152180,0.00001971349717439874,0,0,0,2092,0,0,0,15276,0,0,0,10614,0,0,0,910,0,0,0,5192,0,0,0,316,0,0,0,41446,0,0,1,4834,0,0,0,3468,0,0,2,68032,0,0
22,21788713,,G,A,gnomAD Genomes,NA,PASS,ENST00000215832.11,p.Asp235Asp,p.Asp235Asp,c.705C>T,synonymous_variant,,,,1,152178,0.000006571252086372537,0,0,0,2092,0,0,1,15282,0,0,0,10606,0,0,0,910,0,0,0,5200,0,0,0,316,0,0,0,41450,0,0,0,4830,0,0,0,3468,0,0,0,68024,0,0
22,21788726,rs1387475446,T,C,gnomAD Genomes,NA,PASS,ENST00000215832.11,p.Lys231Arg,p.Lys231Arg,c.692A>G,missense_variant,,,,1,152220,0.000006569438969911969,0,0,0,2090,0,0,0,15286,0,0,0,10624,0,0,0,912,0,0,0,5198,0,0,0,316,0,0,0,41458,0,0,0,4830,0,0,0,3470,0,0,1,68036,0,0
22,21788731,rs764152540,T,C,gnomAD Genomes,NA,PASS,ENST00000215832.11,p.Pro229Pro,p.Pro229Pro,c.687A>G,synonymous_variant,,,,5,152196,0.00003285237456963389,0,0,0,2090,0,0,0,15280,0,0,0,10618,0,0,0,912,0,0,0,5200,0,0,0,316,0,0,0,41446,0,0,0,4826,0,0,0,3472,0,0,5,68036,0,0
22,21788734,rs1439297731,A,G,gnomAD Genomes,NA,PASS,ENST00000215832.11,p.Phe228Phe,p.Phe228Phe,c.684T>C,synonymous_variant,,,,1,152214,0.0000065696979252893955,0,0,0,2090,0,0,0,15280,0,0,0,10624,0,0,0,912,0,0,0,5200,0,0,0,316,0,0,0,41462,0,0,0,4822,0,0,0,3468,0,0,1,68040,0,0
22,21788740,rs376987334,G,A,gnomAD Genomes,NA,PASS,ENST00000215832.11,p.Pro226Pro,p.Pro226Pro,c.678C>T,synonymous_variant,,,,1,152180,0.000006571165724799579,0,0,0,2086,0,0,0,15272,0,0,0,10606,0,0,0,910,0,0,0,5196,0,0,0,316,0,0,0,41454,0,0,0,4830,0,0,0,3470,0,0,1,68040,0,0
22,21788743,rs1033568489,C,T,gnomAD Genomes,NA,PASS,ENST00000215832.11,p.Arg225Arg,p.Arg225Arg,c.675G>A,synonymous_variant,,,,1,152158,0.000006572115826969334,0,0,0,2092,0,0,0,15266,0,0,0,10600,0,0,0,912,0,0,0,5196,0,0,0,316,0,0,0,41438,0,0,0,4824,0,0,0,3472,0,0,1,68042,0,0
22,21788794,rs369279374,G,A,gnomAD Genomes,NA,PASS,ENST00000215832.11,p.Ser208Ser,p.Ser208Ser,c.624C>T,synonymous_variant,,,,10,152156,0.00006572202213517705,0,0,0,2092,0,0,0,15258,0,0,0,10606,0,0,0,912,0,0,0,5196,0,0,0,316,0,0,5,41450,0,0,0,4830,0,0,0,3472,0,0,5,68024,0,0
22,21788797,,C,T,gnomAD Genomes,NA,PASS,ENST00000215832.11,p.Lys207Lys,p.Lys207Lys,c.621G>A,synonymous_variant,,,,1,152168,0.000006571683928289785,0,0,0,2090,0,0,0,15276,0,0,0,10596,0,0,0,912,0,0,0,5200,0,0,0,316,0,0,1,41442,0,0,0,4836,0,0,0,3470,0,0,0,68030,0,0
22,21788825,rs755806597,G,A,gnomAD Genomes,NA,PASS,ENST00000215832.11,c.610-17C>T,,c.610-17C>T,intron_variant,,,,2,152200,0.00001314060446780552,0,0,0,2086,0,0,0,15276,0,0,0,10614,0,0,0,912,0,0,0,5196,0,0,0,316,0,0,0,41460,0,0,0,4834,0,0,0,3472,0,0,2,68034,0,0
22,21788831,rs1239219378,A,C,gnomAD Genomes,NA,PASS,ENST00000215832.11,c.610-23T>G,,c.610-23T>G,intron_variant,,,,1,152174,0.0000065714248163286764,0,0,0,2088,0,0,0,15266,0,0,0,10608,0,0,0,912,0,0,0,5200,0,0,0,316,0,0,0,41446,0,0,0,4832,0,0,0,3470,0,0,1,68036,0,0
22,21788834,rs61763389,G,A,gnomAD Genomes,NA,PASS,ENST00000215832.11,c.610-26C>T,,c.610-26C>T,intron_variant,,,,276,152220,0.0018131651556957036,4,0,2,2094,0,0,7,15274,0,0,0,10620,0,0,0,912,0,0,0,5206,0,0,0,316,0,0,266,41454,4,0,0,4834,0,0,0,3468,0,0,1,68042,0,0
22,21788836,rs1311194687,A,C,gnomAD Genomes,NA,PASS,ENST00000215832.11,c.610-28T>G,,c.610-28T>G,intron_variant,,,,1,152180,0.000006571165724799579,0,0,0,2090,0,0,0,15272,0,0,0,10616,0,0,0,912,0,0,0,5204,0,0,0,316,0,0,0,41446,0,0,0,4828,0,0,0,3470,0,0,1,68026,0,0
22,21788839,,T,C,gnomAD Genomes,NA,PASS,ENST00000215832.11,c.610-31A>G,,c.610-31A>G,intron_variant,,,,1,152088,0.000006575140708011152,0,0,0,2090,0,0,0,15266,0,0,0,10586,0,0,0,912,0,0,0,5194,0,0,0,316,0,0,0,41412,0,0,1,4830,0,0,0,3470,0,0,0,68012,0,0
22,21788848,rs748681591,G,T,gnomAD Genomes,NA,PASS,ENST00000215832.11,c.610-40C>A,,c.610-40C>A,intron_variant,,,,2,152198,0.000013140777145560388,0,0,0,2088,0,0,2,15278,0,0,0,10618,0,0,0,912,0,0,0,5204,0,0,0,316,0,0,0,41444,0,0,0,4828,0,0,0,3472,0,0,0,68038,0,0
22,21788849,rs772518926,T,C,gnomAD Genomes,NA,PASS,ENST00000215832.11,c.610-41A>G,,c.610-41A>G,intron_variant,,,,4,152212,0.000026279136993141146,0,0,0,2090,0,0,0,15274,0,0,0,10624,0,0,0,912,0,0,0,5200,0,0,0,316,0,0,4,41454,0,0,0,4830,0,0,0,3472,0,0,0,68040,0,0
22,21788852,rs773579555,T,C,gnomAD Genomes,NA,PASS,ENST00000215832.11,c.610-44A>G,,c.610-44A>G,intron_variant,,,,1,152226,0.000006569180034948038,0,0,0,2090,0,0,1,15270,0,0,0,10626,0,0,0,912,0,0,0,5206,0,0,0,316,0,0,0,41464,0,0,0,4836,0,0,0,3470,0,0,0,68036,0,0
22,21788853,,A,T,gnomAD Genomes,NA,PASS,ENST00000215832.11,c.610-45T>A,,c.610-45T>A,intron_variant,,,,1,152224,0.000006569266344334665,0,0,0,2088,0,0,0,15276,0,0,0,10624,0,0,0,910,0,0,0,5200,0,0,0,316,0,0,1,41468,0,0,0,4832,0,0,0,3468,0,0,0,68042,0,0
22,21788867,rs1313205890,G,A,gnomAD Genomes,NA,PASS,ENST00000215832.11,c.610-59C>T,,c.610-59C>T,intron_variant,,,,1,152190,0.000006570733950982325,0,0,0,2088,0,0,0,15268,0,0,0,10616,0,0,0,912,0,0,0,5202,0,0,0,316,0,0,1,41444,0,0,0,4836,0,0,0,3468,0,0,0,68040,0,0
22,21788869,rs1374483011,T,C,gnomAD Genomes,NA,PASS,ENST00000215832.11,c.610-61A>G,,c.610-61A>G,intron_variant,,,,1,152182,0.0000065710793654965765,0,0,0,2088,0,0,0,15272,0,0,0,10620,0,0,0,912,0,0,0,5196,0,0,0,316,0,0,0,41442,0,0,0,4834,0,0,0,3468,0,0,1,68034,0,0
22,21788879,,T,C,gnomAD Genomes,NA,PASS,ENST00000215832.11,c.610-71A>G,,c.610-71A>G,intron_variant,,,,1,152242,0.0000065684896414918355,0,0,0,2090,0,0,0,15288,0,0,1,10628,0,0,0,912,0,0,0,5200,0,0,0,316,0,0,0,41462,0,0,0,4836,0,0,0,3470,0,0,0,68040,0,0
22,21798941,rs559257648,C,T,gnomAD Genomes,NA,PASS,ENST00000215832.11,c.609+71G>A,,c.609+71G>A,intron_variant,,,,1,152174,0.0000065714248163286764,0,0,0,2088,0,0,0,15266,0,0,0,10612,0,0,0,912,0,0,0,5194,0,0,0,316,0,0,1,41444,0,0,0,4834,0,0,0,3470,0,0,0,68038,0,0
22,21798942,rs1266520575,G,A,gnomAD Genomes,NA,PASS,ENST00000215832.11,c.609+70C>T,,c.609+70C>T,intron_variant,,,,3,152106,0.00001972308784663327,0,0,0,2086,0,0,1,15256,0,0,0,10594,0,0,0,912,0,0,0,5184,0,0,0,316,0,0,0,41428,0,0,0,4830,0,0,0,3468,0,0,2,68032,0,0
22,21798944,rs1462809897,C,T,gnomAD Genomes,NA,PASS,ENST00000215832.11,c.609+68G>A,,c.609+68G>A,intron_variant,,,,2,152154,0.000013144577204674212,0,0,0,2090,0,0,0,15260,0,0,0,10614,0,0,0,912,0,0,0,5192,0,0,0,316,0,0,1,41440,0,0,0,4826,0,0,0,3468,0,0,1,68036,0,0
22,21798948,rs534547005,C,T,gnomAD Genomes,NA,PASS,ENST00000215832.11,c.609+64G>A,,c.609+64G>A,intron_variant,,,,2,152184,0.000013141986016926878,0,0,0,2090,0,0,0,15268,0,0,0,10622,0,0,0,912,0,0,0,5186,0,0,0,316,0,0,0,41450,0,0,2,4836,0,0,0,3470,0,0,0,68034,0,0
22,21798949,,T,C,gnomAD Genomes,NA,PASS,ENST00000215832.11,c.609+63A>G,,c.609+63A>G,intron_variant,,,,1,152202,0.000006570215897294385,0,0,0,2088,0,0,0,15274,0,0,0,10624,0,0,0,912,0,0,0,5194,0,0,0,316,0,0,0,41446,0,0,0,4834,0,0,0,3470,0,0,1,68044,0,0
22,21798950,rs2298434,G,A,gnomAD Genomes,NA,PASS,ENST00000215832.11,c.609+62C>T,,c.609+62C>T,intron_variant,,,,7723,152098,0.05077647306341964,408,0,100,2086,4,0,2063,15252,172,0,474,10606,13,0,29,912,0,0,1136,5180,112,0,7,316,0,0,496,41434,7,0,553,4822,38,0,66,3470,0,0,2799,68020,62,0
22,21798956,rs911356982,C,T,gnomAD Genomes,NA,PASS,ENST00000215832.11,c.609+56G>A,,c.609+56G>A,intron_variant,,,,2,152184,0.000013141986016926878,0,0,0,2090,0,0,0,15272,0,0,0,10612,0,0,0,912,0,0,0,5194,0,0,0,316,0,0,2,41446,0,0,0,4834,0,0,0,3472,0,0,0,68036,0,0
22,21798962,rs771252091,G,T,gnomAD Genomes,NA,PASS,ENST00000215832.11,c.609+50C>A,,c.609+50C>A,intron_variant,,,,61,152160,0.0004008937960042061,1,0,0,2088,0,0,0,15266,0,0,54,10608,1,0,0,912,0,0,0,5192,0,0,0,316,0,0,0,41432,0,0,0,4834,0,0,0,3470,0,0,7,68042,0,0
22,21798969,rs1281651855,C,T,gnomAD Genomes,NA,PASS,ENST00000215832.11,c.609+43G>A,,c.609+43G>A,intron_variant,,,,3,152178,0.00001971375625911761,0,0,0,2090,0,0,0,15262,0,0,0,10610,0,0,0,912,0,0,0,5198,0,0,0,316,0,0,0,41458,0,0,0,4834,0,0,0,3470,0,0,3,68028,0,0
22,21798971,rs776706244,C,T,gnomAD Genomes,NA,PASS,ENST00000215832.11,c.609+41G>A,,c.609+41G>A,intron_variant,,,,2,152186,0.000013141813307400155,0,0,0,2090,0,0,0,15270,0,0,0,10610,0,0,0,912,0,0,0,5198,0,0,0,316,0,0,0,41448,0,0,0,4838,0,0,0,3468,0,0,2,68036,0,0
22,21798974,rs371045743,A,T,gnomAD Genomes,NA,PASS,ENST00000215832.11,c.609+38T>A,,c.609+38T>A,intron_variant,,,,1,152184,0.000006570993008463439,0,0,0,2088,0,0,0,15266,0,0,0,10612,0,0,0,912,0,0,0,5196,0,0,0,316,0,0,0,41454,0,0,0,4838,0,0,0,3468,0,0,1,68034,0,0
22,21798979,rs369786210,C,G,gnomAD Genomes,NA,PASS,ENST00000215832.11,c.609+33G>C,,c.609+33G>C,intron_variant,,,,1,152186,0.000006570906653700077,0,0,0,2088,0,0,0,15260,0,0,0,10616,0,0,0,912,0,0,0,5202,0,0,0,316,0,0,0,41450,0,0,0,4832,0,0,0,3472,0,0,1,68038,0,0
22,21798982,rs1166334449,G,A,gnomAD Genomes,NA,PASS,ENST00000215832.11,c.609+30C>T,,c.609+30C>T,intron_variant,,,,1,152120,0.000006573757559821194,0,0,0,2088,0,0,0,15252,0,0,0,10610,0,0,0,910,0,0,0,5194,0,0,0,316,0,0,1,41428,0,0,0,4828,0,0,0,3470,0,0,0,68024,0,0
22,21798990,rs571236683,T,C,gnomAD Genomes,NA,PASS,ENST00000215832.11,c.609+22A>G,,c.609+22A>G,intron_variant,,,,1,152200,0.00000657030223390276,0,0,0,2092,0,0,1,15276,0,0,0,10616,0,0,0,912,0,0,0,5198,0,0,0,316,0,0,0,41460,0,0,0,4832,0,0,0,3468,0,0,0,68030,0,0
22,21798991,rs375726577,T,C,gnomAD Genomes,NA,PASS,ENST00000215832.11,c.609+21A>G,,c.609+21A>G,intron_variant,,,,4,152192,0.000026282590412111016,0,0,0,2090,0,0,0,15264,0,0,0,10622,0,0,0,912,0,0,0,5200,0,0,0,316,0,0,4,41448,0,0,0,4832,0,0,0,3466,0,0,0,68042,0,0
22,21799000,rs758908305,C,G,gnomAD Genomes,NA,PASS,ENST00000215832.11,c.609+12G>C,,c.609+12G>C,intron_variant,,,,1,152178,0.000006571252086372537,0,0,0,2094,0,0,0,15268,0,0,0,10606,0,0,0,912,0,0,0,5198,0,0,0,316,0,0,0,41444,0,0,0,4832,0,0,0,3470,0,0,1,68038,0,0
22,21799007,rs1259642136,C,T,gnomAD Genomes,NA,PASS,ENST00000215832.11,c.609+5G>A,,c.609+5G>A,splice_region_variant,,,,1,152178,0.000006571252086372537,0,0,0,2090,0,0,0,15258,0,0,0,10610,0,0,0,912,0,0,0,5198,0,0,0,316,0,0,0,41452,0,0,0,4836,0,0,0,3470,0,0,1,68036,0,0
22,21799008,rs778247714,T,C,gnomAD Genomes,NA,PASS,ENST00000215832.11,c.609+4A>G,,c.609+4A>G,splice_region_variant,,,,7,152214,0.00004598788547702577,0,0,0,2090,0,0,0,15272,0,0,0,10618,0,0,0,912,0,0,0,5200,0,0,0,316,0,0,1,41460,0,0,0,4832,0,0,0,3470,0,0,6,68044,0,0
22,21799027,,A,T,gnomAD Genomes,NA,PASS,ENST00000215832.11,p.Ile198Ile,p.Ile198Ile,c.594T>A,synonymous_variant,,,,1,152100,0.000006574621959237344,0,0,0,2084,0,0,0,15264,0,0,0,10600,0,0,0,912,0,0,0,5198,0,0,0,316,0,0,1,41402,0,0,0,4828,0,0,0,3470,0,0,0,68026,0,0
22,21799033,rs377697034,T,C,gnomAD Genomes,NA,PASS,ENST00000215832.11,p.Pro196Pro,p.Pro196Pro,c.588A>G,synonymous_variant,,,,4,152212,0.000026279136993141146,0,0,0,2090,0,0,0,15276,0,0,0,10620,0,0,0,912,0,0,0,5202,0,0,0,316,0,0,0,41458,0,0,0,4832,0,0,0,3472,0,0,4,68034,0,0
22,21799048,rs771179792,A,G,gnomAD Genomes,NA,PASS,ENST00000215832.11,p.Arg191Arg,p.Arg191Arg,c.573T>C,synonymous_variant,,,,1,152188,0.000006570820301206403,0,0,0,2092,0,0,0,15282,0,0,0,10626,0,0,0,912,0,0,0,5200,0,0,0,316,0,0,0,41430,0,0,0,4834,0,0,0,3472,0,0,1,68024,0,0
22,21799063,rs1481145634,T,C,gnomAD Genomes,NA,PASS,ENST00000215832.11,p.Glu186Glu,p.Glu186Glu,c.558A>G,synonymous_variant,,,,1,152186,0.000006570906653700077,0,0,0,2094,0,0,0,15276,0,0,0,10608,0,0,0,912,0,0,0,5204,0,0,0,316,0,0,1,41448,0,0,0,4826,0,0,0,3470,0,0,0,68032,0,0
22,21799078,,T,A,gnomAD Genomes,NA,PASS,ENST00000215832.11,p.Thr181Thr,p.Thr181Thr,c.543A>T,synonymous_variant,,,,1,152190,0.000006570733950982325,0,0,0,2094,0,0,0,15272,0,0,0,10614,0,0,0,912,0,0,0,5200,0,0,0,316,0,0,0,41446,0,0,1,4824,0,0,0,3472,0,0,0,68040,0,0
22,21799082,rs1282657018,T,A,gnomAD Genomes,NA,PASS,ENST00000215832.11,p.His180Leu,p.His180Leu,c.539A>T,missense_variant,,,,1,152140,0.000006572893387669252,0,0,0,2090,0,0,0,15250,0,0,0,10614,0,0,0,912,0,0,0,5198,0,0,0,316,0,0,1,41428,0,0,0,4828,0,0,0,3468,0,0,0,68036,0,0
22,21799113,rs770095581,G,A,gnomAD Genomes,NA,PASS,ENST00000215832.11,p.Leu170Leu,p.Leu170Leu,c.508C>T,synonymous_variant,,,,1,152068,0.000006576005471236552,0,0,0,2086,0,0,0,15264,0,0,0,10578,0,0,0,912,0,0,0,5200,0,0,0,316,0,0,1,41384,0,0,0,4828,0,0,0,3468,0,0,0,68032,0,0
22,21799117,rs371517533,A,G,gnomAD Genomes,NA,PASS,ENST00000215832.11,p.Phe168Phe,p.Phe168Phe,c.504T>C,synonymous_variant,,,,2,152234,0.000013137669640159229,0,0,0,2088,0,0,0,15284,0,0,0,10626,0,0,0,910,0,0,0,5206,0,0,0,316,0,0,1,41456,0,0,0,4836,0,0,0,3472,0,0,1,68040,0,0
22,21799139,rs1296305675,A,C,gnomAD Genomes,NA,PASS,ENST00000215832.11,c.493-11T>G,,c.493-11T>G,intron_variant,,,,5,152208,0.000032849784505413644,0,0,0,2088,0,0,0,15278,0,0,0,10616,0,0,0,912,0,0,0,5200,0,0,0,316,0,0,5,41454,0,0,0,4834,0,0,0,3468,0,0,0,68042,0,0
22,21799142,rs775730548,A,C,gnomAD Genomes,NA,PASS,ENST00000215832.11,c.493-14T>G,,c.493-14T>G,intron_variant,,,,3,152220,0.00001970831690973591,0,0,0,2088,0,0,3,15278,0,0,0,10624,0,0,0,912,0,0,0,5202,0,0,0,316,0,0,0,41454,0,0,0,4834,0,0,0,3470,0,0,0,68042,0,0
22,21799145,rs370381840,A,C,gnomAD Genomes,NA,PASS,ENST00000215832.11,c.493-17T>G,,c.493-17T>G,intron_variant,,,,10,152230,0.00006569007422978388,0,0,0,2090,0,0,0,15276,0,0,0,10626,0,0,0,912,0,0,2,5204,0,0,0,316,0,0,7,41460,0,0,0,4832,0,0,0,3472,0,0,1,68042,0,0
22,21799147,rs1232232796,A,C,gnomAD Genomes,NA,PASS,ENST00000215832.11,c.493-19T>G,,c.493-19T>G,intron_variant,,,,1,152210,0.000006569870573549701,0,0,0,2086,0,0,0,15274,0,0,0,10622,0,0,0,910,0,0,1,5200,0,0,0,316,0,0,0,41464,0,0,0,4832,0,0,0,3468,0,0,0,68038,0,0
22,21799148,,G,T,gnomAD Genomes,NA,PASS,ENST00000215832.11,c.493-20C>A,,c.493-20C>A,intron_variant,,,,1,151964,0.000006580505909294307,0,0,0,2088,0,0,0,15246,0,0,0,10562,0,0,0,912,0,0,0,5194,0,0,0,316,0,0,0,41354,0,0,0,4826,0,0,0,3468,0,0,1,67998,0,0
22,21799150,rs139085953,A,G,gnomAD Genomes,NA,PASS,ENST00000215832.11,c.493-22T>C,,c.493-22T>C,intron_variant,,,,113,152196,0.000742463665273726,2,0,0,2088,0,0,1,15272,0,0,10,10618,0,0,0,912,0,0,89,5202,2,0,0,316,0,0,0,41452,0,0,10,4830,0,0,0,3470,0,0,3,68036,0,0
22,21799157,,C,A,gnomAD Genomes,NA,PASS,ENST00000215832.11,c.493-29G>T,,c.493-29G>T,intron_variant,,,,1,152138,0.000006572979794660111,0,0,0,2088,0,0,0,15266,0,0,0,10602,0,0,0,912,0,0,0,5196,0,0,0,316,0,0,0,41434,0,0,0,4830,0,0,0,3470,0,0,1,68024,0,0
22,21799164,rs201119883,A,T,gnomAD Genomes,NA,PASS,ENST00000215832.11,c.493-36T>A,,c.493-36T>A,intron_variant,,,,12,152228,0.00007882912473395171,0,0,0,2094,0,0,0,15282,0,0,0,10624,0,0,0,912,0,0,0,5202,0,0,0,316,0,0,1,41462,0,0,0,4830,0,0,0,3470,0,0,11,68036,0,0
22,21799171,rs747422472,C,A,gnomAD Genomes,NA,PASS,ENST00000215832.11,c.493-43G>T,,c.493-43G>T,intron_variant,,,,1,152114,0.0000065740168557792186,0,0,0,2090,0,0,0,15258,0,0,0,10612,0,0,0,912,0,0,0,5198,0,0,0,316,0,0,0,41426,0,0,0,4820,0,0,0,3470,0,0,1,68012,0,0
22,21799178,rs753617231,T,C,gnomAD Genomes,NA,PASS,ENST00000215832.11,c.493-50A>G,,c.493-50A>G,intron_variant,,,,16,152146,0.00010516214688522866,0,0,0,2088,0,0,1,15266,0,0,0,10594,0,0,0,912,0,0,0,5200,0,0,0,316,0,0,15,41438,0,0,0,4834,0,0,0,3470,0,0,0,68028,0,0
22,21799191,rs546778210,C,A,gnomAD Genomes,NA,PASS,ENST00000215832.11,c.493-63G>T,,c.493-63G>T,intron_variant,,,,2,152064,0.000013152356902356902,0,0,0,2086,0,0,0,15256,0,0,0,10570,0,0,0,912,0,0,0,5194,0,0,0,316,0,0,0,41422,0,0,0,4828,0,0,0,3470,0,0,2,68010,0,0
22,21799191,rs546778210,C,T,gnomAD Genomes,NA,PASS,ENST00000215832.11,c.493-63G>A,,c.493-63G>A,intron_variant,,,,6,152064,0.00003945707070707071,0,0,0,2086,0,0,0,15256,0,0,0,10570,0,0,0,912,0,0,0,5194,0,0,0,316,0,0,3,41422,0,0,0,4828,0,0,0,3470,0,0,3,68010,0,0
22,21799192,rs1187874998,A,G,gnomAD Genomes,NA,PASS,ENST00000215832.11,c.493-64T>C,,c.493-64T>C,intron_variant,,,,1,152206,0.000006570043230884459,0,0,0,2090,0,0,0,15282,0,0,0,10620,0,0,0,912,0,0,0,5204,0,0,0,316,0,0,0,41450,0,0,0,4830,0,0,0,3472,0,0,1,68030,0,0
22,21805776,rs777639976,T,C,gnomAD Genomes,NA,PASS,ENST00000215832.11,c.492+74A>G,,c.492+74A>G,intron_variant,,,,1,152182,0.0000065710793654965765,0,0,0,2090,0,0,0,15274,0,0,0,10612,0,0,0,912,0,0,0,5198,0,0,0,316,0,0,0,41438,0,0,0,4832,0,0,0,3472,0,0,1,68038,0,0
22,21805783,rs1486716958,T,C,gnomAD Genomes,NA,PASS,ENST00000215832.11,c.492+67A>G,,c.492+67A>G,intron_variant,,,,1,152190,0.000006570733950982325,0,0,0,2086,0,0,0,15276,0,0,0,10614,0,0,0,912,0,0,0,5202,0,0,0,316,0,0,0,41436,0,0,0,4834,0,0,0,3470,0,0,1,68044,0,0
22,21805788,rs987038595,C,G,gnomAD Genomes,NA,PASS,ENST00000215832.11,c.492+62G>C,,c.492+62G>C,intron_variant,,,,1,152088,0.000006575140708011152,0,0,0,2088,0,0,0,15264,0,0,0,10576,0,0,0,912,0,0,0,5200,0,0,0,316,0,0,0,41402,0,0,0,4830,0,0,0,3470,0,0,1,68030,0,0
22,21805788,rs987038595,C,A,gnomAD Genomes,NA,PASS,ENST00000215832.11,c.492+62G>T,,c.492+62G>T,intron_variant,,,,3,152088,0.000019725422124033453,0,0,0,2088,0,0,0,15264,0,0,0,10576,0,0,0,912,0,0,0,5200,0,0,0,316,0,0,2,41402,0,0,0,4830,0,0,0,3470,0,0,1,68030,0,0
22,21805791,rs147831832,T,C,gnomAD Genomes,NA,PASS,ENST00000215832.11,c.492+59A>G,,c.492+59A>G,intron_variant,,,,30,152170,0.0001971479266609713,0,0,0,2088,0,0,0,15260,0,0,0,10620,0,0,0,912,0,0,28,5200,0,0,0,316,0,0,2,41446,0,0,0,4834,0,0,0,3470,0,0,0,68024,0,0
22,21805798,,G,A,gnomAD Genomes,NA,PASS,ENST00000215832.11,c.492+52C>T,,c.492+52C>T,intron_variant,,,,1,152198,0.000006570388572780194,0,0,0,2088,0,0,0,15276,0,0,0,10620,0,0,0,912,0,0,0,5196,0,0,0,316,0,0,1,41442,0,0,0,4828,0,0,0,3472,0,0,0,68048,0,0
22,21805806,rs140387413,G,A,gnomAD Genomes,NA,PASS,ENST00000215832.11,c.492+44C>T,,c.492+44C>T,intron_variant,,,,258,152164,0.0016955390236849715,0,0,2,2086,0,0,24,15266,0,0,0,10612,0,0,0,912,0,0,0,5200,0,0,0,316,0,0,23,41442,0,0,4,4830,0,0,0,3466,0,0,205,68034,0,0
22,21805808,rs566071587,T,C,gnomAD Genomes,NA,PASS,ENST00000215832.11,c.492+42A>G,,c.492+42A>G,intron_variant,,,,4,152082,0.000026301600452387526,0,0,0,2086,0,0,0,15248,0,0,0,10596,0,0,0,910,0,0,0,5190,0,0,0,316,0,0,0,41416,0,0,4,4822,0,0,0,3466,0,0,0,68032,0,0
22,21805811,rs1438785832,T,C,gnomAD Genomes,NA,PASS,ENST00000215832.11,c.492+39A>G,,c.492+39A>G,intron_variant,,,,1,152212,0.000006569784248285286,0,0,1,2088,0,0,0,15268,0,0,0,10622,0,0,0,910,0,0,0,5194,0,0,0,316,0,0,0,41464,0,0,0,4830,0,0,0,3470,0,0,0,68050,0,0
22,21805814,rs1293585440,A,G,gnomAD Genomes,NA,PASS,ENST00000215832.11,c.492+36T>C,,c.492+36T>C,intron_variant,,,,1,152184,0.000006570993008463439,0,0,0,2080,0,0,0,15268,0,0,0,10616,0,0,0,910,0,0,0,5198,0,0,0,316,0,0,1,41456,0,0,0,4828,0,0,0,3472,0,0,0,68040,0,0
22,21805817,rs955346897,T,C,gnomAD Genomes,NA,PASS,ENST00000215832.11,c.492+33A>G,,c.492+33A>G,intron_variant,,,,2,152184,0.000013141986016926878,0,0,1,2090,0,0,0,15270,0,0,0,10618,0,0,0,912,0,0,1,5196,0,0,0,316,0,0,0,41448,0,0,0,4824,0,0,0,3470,0,0,0,68040,0,0
22,21805818,rs367828152,A,G,gnomAD Genomes,NA,PASS,ENST00000215832.11,c.492+32T>C,,c.492+32T>C,intron_variant,,,,1,152176,0.00000657133845021554,0,0,0,2086,0,0,0,15276,0,0,0,10608,0,0,0,912,0,0,0,5194,0,0,0,316,0,0,0,41450,0,0,0,4834,0,0,0,3472,0,0,1,68028,0,0
22,21805821,rs778301313,T,C,gnomAD Genomes,NA,PASS,ENST00000215832.11,c.492+29A>G,,c.492+29A>G,intron_variant,,,,5,152110,0.0000328709486555782,0,0,0,2088,0,0,0,15250,0,0,0,10614,0,0,0,910,0,0,0,5198,0,0,0,316,0,0,0,41416,0,0,0,4820,0,0,0,3470,0,0,5,68028,0,0
22,21805840,rs757744915,C,T,gnomAD Genomes,NA,PASS,ENST00000215832.11,c.492+10G>A,,c.492+10G>A,intron_variant,,,,3,152050,0.000019730351857941467,0,0,0,2086,0,0,0,15248,0,0,0,10574,0,0,0,910,0,0,3,5192,0,0,0,316,0,0,0,41394,0,0,0,4830,0,0,0,3468,0,0,0,68032,0,0
22,21805859,rs1242207428,A,G,gnomAD Genomes,NA,PASS,ENST00000215832.11,p.Cys161Cys,p.Cys161Cys,c.483T>C,synonymous_variant,,,,1,152202,0.000006570215897294385,0,0,0,2094,0,0,0,15278,0,0,0,10622,0,0,0,906,0,0,0,5194,0,0,0,316,0,0,0,41464,0,0,1,4824,0,0,0,3468,0,0,0,68036,0,0
22,21805862,rs139508670,G,A,gnomAD Genomes,NA,PASS,ENST00000215832.11,p.Thr160Thr,p.Thr160Thr,c.480C>T,synonymous_variant,,,,270,152158,0.0017744712732817203,2,0,5,2094,0,0,17,15276,0,0,0,10608,0,0,0,912,0,0,0,5190,0,0,2,316,0,0,233,41440,2,0,1,4826,0,0,0,3470,0,0,12,68026,0,0
22,21805879,rs1258227730,G,A,gnomAD Genomes,NA,PASS,ENST00000215832.11,p.Leu155Leu,p.Leu155Leu,c.463C>T,synonymous_variant,,,,3,152184,0.000019712979025390316,0,0,0,2094,0,0,0,15276,0,0,0,10616,0,0,0,910,0,0,0,5196,0,0,0,316,0,0,0,41442,0,0,0,4834,0,0,0,3468,0,0,3,68032,0,0
22,21805883,,G,A,gnomAD Genomes,NA,PASS,ENST00000215832.11,p.Ser153Ser,p.Ser153Ser,c.459C>T,synonymous_variant,,,,1,152156,0.0000065722022135177055,0,0,0,2094,0,0,0,15266,0,0,0,10614,0,0,0,912,0,0,0,5192,0,0,0,316,0,0,0,41444,0,0,0,4830,0,0,0,3470,0,0,1,68018,0,0
22,21805907,,A,G,gnomAD Genomes,NA,PASS,ENST00000215832.11,p.Val145Val,p.Val145Val,c.435T>C,synonymous_variant,,,,1,152166,0.000006571770303484353,0,0,0,2090,0,0,0,15268,0,0,0,10620,0,0,0,912,0,0,1,5198,0,0,0,316,0,0,0,41430,0,0,0,4830,0,0,0,3468,0,0,0,68034,0,0
22,21805916,rs768821498,T,C,gnomAD Genomes,NA,PASS,ENST00000215832.11,p.Ser142Ser,p.Ser142Ser,c.426A>G,synonymous_variant,,,,2,152182,0.000013142158730993153,0,0,0,2090,0,0,1,15274,0,0,0,10618,0,0,0,912,0,0,0,5192,0,0,0,316,0,0,0,41456,0,0,0,4830,0,0,0,3472,0,0,1,68022,0,0
22,21805922,rs774446350,G,T,gnomAD Genomes,NA,PASS,ENST00000215832.11,p.Ile140Ile,p.Ile140Ile,c.420C>A,synonymous_variant,,,,4,152180,0.000026284662899198317,0,0,0,2092,0,0,0,15272,0,0,0,10614,0,0,0,912,0,0,0,5198,0,0,0,316,0,0,4,41442,0,0,0,4836,0,0,0,3472,0,0,0,68026,0,0
22,21805925,rs199565303,A,G,gnomAD Genomes,NA,PASS,ENST00000215832.11,p.Tyr139Tyr,p.Tyr139Tyr,c.417T>C,synonymous_variant,,,,1,152190,0.000006570733950982325,0,0,0,2092,0,0,0,15278,0,0,0,10620,0,0,0,910,0,0,1,5196,0,0,0,316,0,0,0,41452,0,0,0,4834,0,0,0,3472,0,0,0,68020,0,0
22,21805946,rs371660696,C,T,gnomAD Genomes,NA,PASS,ENST00000215832.11,p.Gln132Gln,p.Gln132Gln,c.396G>A,synonymous_variant,,,,5,152116,0.000032869652107602095,0,0,0,2088,0,0,0,15266,0,0,0,10598,0,0,0,912,0,0,0,5198,0,0,0,316,0,0,5,41416,0,0,0,4822,0,0,0,3472,0,0,0,68028,0,0
22,21805979,rs759321247,G,A,gnomAD Genomes,NA,PASS,ENST00000215832.11,p.Leu121Leu,p.Leu121Leu,c.363C>T,synonymous_variant,,,,1,152194,0.000006570561257342603,0,0,0,2092,0,0,1,15282,0,0,0,10610,0,0,0,912,0,0,0,5194,0,0,0,316,0,0,0,41450,0,0,0,4830,0,0,0,3472,0,0,0,68036,0,0
22,21805985,rs374076277,T,C,gnomAD Genomes,NA,PASS,ENST00000215832.11,p.Gln119Gln,p.Gln119Gln,c.357A>G,synonymous_variant,,,,2,152190,0.00001314146790196465,0,0,0,2092,0,0,0,15282,0,0,0,10612,0,0,0,912,0,0,0,5194,0,0,0,316,0,0,0,41448,0,0,0,4830,0,0,0,3468,0,0,2,68036,0,0
22,21805996,rs571821873,A,G,gnomAD Genomes,NA,PASS,ENST00000215832.11,p.Leu116Leu,p.Leu116Leu,c.346T>C,synonymous_variant,,,,7,152210,0.000045989094014847905,0,0,0,2088,0,0,0,15284,0,0,0,10626,0,0,0,912,0,0,0,5190,0,0,0,316,0,0,0,41452,0,0,7,4832,0,0,0,3472,0,0,0,68038,0,0
22,21806012,rs150378600,T,C,gnomAD Genomes,NA,PASS,ENST00000215832.11,p.Thr110Thr,p.Thr110Thr,c.330A>G,synonymous_variant,,,,101,152224,0.0006634959007778011,1,0,2,2090,0,0,4,15284,0,0,0,10620,0,0,0,912,0,0,0,5200,0,0,0,316,0,0,1,41464,0,0,55,4834,0,0,0,3470,0,0,39,68034,1,0
22,21806036,rs557271064,A,G,gnomAD Genomes,NA,PASS,ENST00000215832.11,p.Tyr102Tyr,p.Tyr102Tyr,c.306T>C,synonymous_variant,,,,5,152202,0.000032851079486471923,0,0,0,2092,0,0,0,15278,0,0,0,10612,0,0,0,912,0,0,1,5202,0,0,0,316,0,0,4,41454,0,0,0,4824,0,0,0,3470,0,0,0,68042,0,0
22,21806037,,T,C,gnomAD Genomes,NA,PASS,ENST00000215832.11,p.Tyr102Cys,p.Tyr102Cys,c.305A>G,missense_variant,,,,1,152238,0.0000065686622262510016,0,0,0,2094,0,0,0,15288,0,0,0,10622,0,0,0,912,0,0,0,5198,0,0,0,316,0,0,0,41460,0,0,1,4838,0,0,0,3470,0,0,0,68040,0,0
22,21806049,rs930041976,C,A,gnomAD Genomes,NA,PASS,ENST00000215832.11,c.303-10G>T,,c.303-10G>T,intron_variant,,,,1,152156,0.0000065722022135177055,0,0,0,2088,0,0,0,15266,0,0,0,10622,0,0,0,912,0,0,1,5200,0,0,0,316,0,0,0,41410,0,0,0,4836,0,0,0,3470,0,0,0,68036,0,0
22,21806076,rs757721903,G,A,gnomAD Genomes,NA,PASS,ENST00000215832.11,c.303-37C>T,,c.303-37C>T,intron_variant,,,,1,152104,0.000006574449061168674,0,0,0,2080,0,0,1,15262,0,0,0,10598,0,0,0,912,0,0,0,5200,0,0,0,316,0,0,0,41412,0,0,0,4826,0,0,0,3472,0,0,0,68026,0,0
22,21806080,rs750824068,A,G,gnomAD Genomes,NA,PASS,ENST00000215832.11,c.303-41T>C,,c.303-41T>C,intron_variant,,,,1,152216,0.0000065696116045619385,0,0,0,2082,0,0,0,15272,0,0,1,10624,0,0,0,912,0,0,0,5202,0,0,0,316,0,0,0,41458,0,0,0,4836,0,0,0,3468,0,0,0,68046,0,0
22,21806092,,G,A,gnomAD Genomes,NA,PASS,ENST00000215832.11,c.303-53C>T,,c.303-53C>T,intron_variant,,,,1,152132,0.00000657323902926406,0,0,0,2084,0,0,0,15258,0,0,1,10610,0,0,0,912,0,0,0,5194,0,0,0,316,0,0,0,41428,0,0,0,4826,0,0,0,3468,0,0,0,68036,0,0
22,21806095,rs3729912,T,G,gnomAD Genomes,NA,PASS,ENST00000215832.11,c.303-56A>C,,c.303-56A>C,intron_variant,,,,1,152152,0.000006572374993427625,0,0,0,2088,0,0,0,15280,0,0,1,10588,0,0,0,910,0,0,0,5200,0,0,0,316,0,0,0,41450,0,0,0,4830,0,0,0,3468,0,0,0,68022,0,0
22,21806095,rs3729912,T,C,gnomAD Genomes,NA,PASS,ENST00000215832.11,c.303-56A>G,,c.303-56A>G,intron_variant,,,,10194,152138,0.06700495602676518,531,0,108,2088,4,0,898,15278,24,0,2131,10582,221,0,130,910,11,0,7,5200,0,0,9,316,1,0,709,41448,6,0,298,4830,12,0,98,3468,0,0,5806,68018,252,0
22,21806110,rs928919859,C,A,gnomAD Genomes,NA,PASS,ENST00000215832.11,c.303-71G>T,,c.303-71G>T,intron_variant,,,,5,152198,0.00003285194286390097,0,0,0,2086,0,0,1,15280,0,0,0,10620,0,0,0,912,0,0,0,5196,0,0,0,316,0,0,1,41448,0,0,0,4830,0,0,0,3470,0,0,3,68040,0,0
22,21807598,rs567526702,T,A,gnomAD Genomes,NA,PASS,ENST00000215832.11,c.302+66A>T,,c.302+66A>T,intron_variant,,,,2,152174,0.000013142849632657353,0,0,0,2092,0,0,0,15268,0,0,0,10622,0,0,0,912,0,0,0,5194,0,0,0,316,0,0,0,41442,0,0,1,4824,0,0,0,3472,0,0,1,68032,0,0
22,21807598,,T,G,gnomAD Genomes,NA,PASS,ENST00000215832.11,c.302+66A>C,,c.302+66A>C,intron_variant,,,,2,152174,0.000013142849632657353,0,0,0,2092,0,0,0,15268,0,0,0,10622,0,0,0,912,0,0,0,5194,0,0,0,316,0,0,0,41442,0,0,2,4824,0,0,0,3472,0,0,0,68032,0,0
22,21807608,rs1219496319,A,G,gnomAD Genomes,NA,PASS,ENST00000215832.11,c.302+56T>C,,c.302+56T>C,intron_variant,,,,1,152156,0.0000065722022135177055,0,0,0,2090,0,0,0,15260,0,0,0,10624,0,0,0,912,0,0,0,5190,0,0,0,316,0,0,0,41438,0,0,0,4828,0,0,0,3472,0,0,1,68026,0,0
22,21807613,rs749548210,C,T,gnomAD Genomes,NA,PASS,ENST00000215832.11,c.302+51G>A,,c.302+51G>A,intron_variant,,,,1,152062,0.000006576264944562087,0,0,0,2084,0,0,0,15242,0,0,0,10590,0,0,0,912,0,0,0,5198,0,0,0,316,0,0,0,41384,0,0,0,4828,0,0,0,3468,0,0,1,68040,0,0
22,21807630,rs778869711,G,C,gnomAD Genomes,NA,PASS,ENST00000215832.11,c.302+34C>G,,c.302+34C>G,intron_variant,,,,12,152134,0.00007887783138548911,0,0,0,2088,0,0,0,15256,0,0,0,10604,0,0,0,910,0,0,0,5194,0,0,0,316,0,0,12,41440,0,0,0,4834,0,0,0,3470,0,0,0,68022,0,0
22,21807636,rs1484130309,G,T,gnomAD Genomes,NA,PASS,ENST00000215832.11,c.302+28C>A,,c.302+28C>A,intron_variant,,,,1,152138,0.000006572979794660111,0,0,0,2088,0,0,0,15258,0,0,0,10608,0,0,0,912,0,0,1,5198,0,0,0,316,0,0,0,41424,0,0,0,4828,0,0,0,3472,0,0,0,68034,0,0
22,21807639,rs748190491,T,C,gnomAD Genomes,NA,PASS,ENST00000215832.11,c.302+25A>G,,c.302+25A>G,intron_variant,,,,3,152214,0.000019709093775868185,0,0,0,2094,0,0,0,15280,0,0,0,10620,0,0,0,912,0,0,0,5194,0,0,0,316,0,0,2,41450,0,0,0,4830,0,0,0,3472,0,0,1,68046,0,0
22,21807646,rs1210098860,G,A,gnomAD Genomes,NA,PASS,ENST00000215832.11,c.302+18C>T,,c.302+18C>T,intron_variant,,,,1,152156,0.0000065722022135177055,0,0,0,2090,0,0,0,15260,0,0,0,10602,0,0,0,912,0,0,0,5198,0,0,0,316,0,0,0,41440,0,0,0,4834,0,0,0,3470,0,0,1,68034,0,0
22,21807647,rs1277872179,T,C,gnomAD Genomes,NA,PASS,ENST00000215832.11,c.302+17A>G,,c.302+17A>G,intron_variant,,,,1,152196,0.0000065704749139267785,0,0,0,2088,0,0,1,15262,0,0,0,10624,0,0,0,912,0,0,0,5198,0,0,0,316,0,0,0,41452,0,0,0,4836,0,0,0,3470,0,0,0,68038,0,0
22,21807649,rs1262449222,G,A,gnomAD Genomes,NA,PASS,ENST00000215832.11,c.302+15C>T,,c.302+15C>T,intron_variant,,,,1,152154,0.000006572288602337106,0,0,0,2086,0,0,0,15256,0,0,0,10616,0,0,0,912,0,0,0,5196,0,0,0,316,0,0,0,41448,0,0,0,4830,0,0,0,3470,0,0,1,68024,0,0
22,21807675,rs146182599,T,G,gnomAD Genomes,NA,PASS,ENST00000215832.11,p.Gln97His,p.Gln97His,c.291A>C,missense_variant,,,,4,152212,0.000026279136993141146,0,0,0,2094,0,0,0,15268,0,0,0,10628,0,0,0,912,0,0,0,5198,0,0,0,316,0,0,4,41458,0,0,0,4830,0,0,0,3470,0,0,0,68038,0,0
22,21807680,rs530183395,C,T,gnomAD Genomes,NA,PASS,ENST00000215832.11,p.Glu96Lys,p.Glu96Lys,c.286G>A,missense_variant,,,,2,152108,0.000013148552344386883,0,0,0,2092,0,0,1,15258,0,0,0,10618,0,0,0,910,0,0,0,5192,0,0,0,316,0,0,1,41412,0,0,0,4828,0,0,0,3470,0,0,0,68012,0,0
22,21807681,rs762617506,G,A,gnomAD Genomes,NA,PASS,ENST00000215832.11,p.Ile95Ile,p.Ile95Ile,c.285C>T,synonymous_variant,,,,2,152146,0.000013145268360653583,0,0,0,2094,0,0,0,15268,0,0,0,10604,0,0,0,912,0,0,0,5192,0,0,0,316,0,0,2,41426,0,0,0,4832,0,0,0,3472,0,0,0,68030,0,0
22,21807683,rs1396992418,T,C,gnomAD Genomes,NA,PASS,ENST00000215832.11,p.Ile95Val,p.Ile95Val,c.283A>G,missense_variant,,,,1,152156,0.0000065722022135177055,0,0,0,2094,0,0,0,15268,0,0,0,10608,0,0,0,912,0,0,0,5196,0,0,0,316,0,0,1,41440,0,0,0,4830,0,0,0,3472,0,0,0,68020,0,0
22,21807685,rs141978504,G,A,gnomAD Genomes,NA,PASS,ENST00000215832.11,p.Thr94Ile,p.Thr94Ile,c.281C>T,missense_variant,,,,55,152160,0.00036146161934805465,0,0,0,2092,0,0,0,15272,0,0,23,10616,0,0,0,912,0,0,0,5198,0,0,0,316,0,0,2,41424,0,0,0,4830,0,0,0,3470,0,0,30,68030,0,0
22,21807686,rs202041676,T,C,gnomAD Genomes,NA,PASS,ENST00000215832.11,p.Thr94Ala,p.Thr94Ala,c.280A>G,missense_variant,,,,23,152182,0.00015113482540642125,0,0,0,2094,0,0,1,15272,0,0,0,10616,0,0,0,912,0,0,1,5194,0,0,0,316,0,0,3,41450,0,0,7,4834,0,0,0,3472,0,0,11,68022,0,0
22,21807690,rs886130600,T,C,gnomAD Genomes,NA,PASS,ENST00000215832.11,p.Ala92Ala,p.Ala92Ala,c.276A>G,synonymous_variant,,,,1,152208,0.000006569956901082729,0,0,0,2092,0,0,0,15274,0,0,0,10622,0,0,0,912,0,0,0,5194,0,0,0,316,0,0,0,41452,0,0,0,4832,0,0,0,3470,0,0,1,68044,0,0
22,21807701,,T,C,gnomAD Genomes,NA,PASS,ENST00000215832.11,p.Ile89Val,p.Ile89Val,c.265A>G,missense_variant,,,,1,152174,0.0000065714248163286764,0,0,0,2092,0,0,0,15272,0,0,1,10614,0,0,0,912,0,0,0,5186,0,0,0,316,0,0,0,41446,0,0,0,4832,0,0,0,3472,0,0,0,68032,0,0
22,21807706,rs1163552201,T,C,gnomAD Genomes,NA,PASS,ENST00000215832.11,p.Asn87Ser,p.Asn87Ser,c.260A>G,missense_variant,,,,1,152198,0.000006570388572780194,0,0,0,2094,0,0,0,15278,0,0,0,10626,0,0,0,912,0,0,0,5190,0,0,0,316,0,0,0,41452,0,0,0,4826,0,0,0,3470,0,0,1,68034,0,0
22,21807711,rs1423928366,T,G,gnomAD Genomes,NA,PASS,ENST00000215832.11,p.Gly85Gly,p.Gly85Gly,c.255A>C,synonymous_variant,,,,2,152182,0.000013142158730993153,0,0,0,2090,0,0,0,15274,0,0,0,10626,0,0,0,912,0,0,0,5196,0,0,0,316,0,0,0,41438,0,0,0,4828,0,0,0,3472,0,0,2,68030,0,0
22,21807735,rs1415153963,G,A,gnomAD Genomes,NA,PASS,ENST00000215832.11,p.Arg77Arg,p.Arg77Arg,c.231C>T,synonymous_variant,,,,1,152170,0.0000065715975553657095,0,0,0,2092,0,0,0,15260,0,0,0,10622,0,0,0,912,0,0,0,5192,0,0,0,316,0,0,1,41442,0,0,0,4830,0,0,0,3472,0,0,0,68032,0,0
22,21807756,rs1432764704,C,T,gnomAD Genomes,NA,PASS,ENST00000215832.11,p.Arg70Arg,p.Arg70Arg,c.210G>A,synonymous_variant,,,,4,152076,0.000026302638154606906,0,0,0,2090,0,0,0,15240,0,0,0,10618,0,0,0,912,0,0,0,5190,0,0,0,316,0,0,0,41394,0,0,0,4820,0,0,0,3468,0,0,4,68028,0,0
22,21807762,rs375186487,G,A,gnomAD Genomes,NA,PASS,ENST00000215832.11,p.Thr68Thr,p.Thr68Thr,c.204C>T,synonymous_variant,,,,3,152020,0.000019734245494013946,0,0,0,2092,0,0,1,15252,0,0,0,10578,0,0,0,912,0,0,0,5188,0,0,0,316,0,0,1,41382,0,0,0,4814,0,0,0,3472,0,0,1,68014,0,0
22,21807762,rs375186487,G,C,gnomAD Genomes,NA,PASS,ENST00000215832.11,p.Thr68Thr,p.Thr68Thr,c.204C>G,synonymous_variant,,,,1,152020,0.000006578081831337982,0,0,0,2092,0,0,0,15252,0,0,1,10578,0,0,0,912,0,0,0,5188,0,0,0,316,0,0,0,41382,0,0,0,4814,0,0,0,3472,0,0,0,68014,0,0
22,21807820,,A,T,gnomAD Genomes,NA,PASS,ENST00000215832.11,p.Val49Asp,p.Val49Asp,c.146T>A,missense_variant,,,,1,152192,0.000006570647603027754,0,0,0,2092,0,0,0,15278,0,0,0,10624,0,0,0,912,0,0,0,5202,0,0,0,316,0,0,1,41440,0,0,0,4822,0,0,0,3470,0,0,0,68036,0,0
22,21807832,rs1008537544,T,C,gnomAD Genomes,NA,PASS,ENST00000215832.11,p.Asn45Ser,p.Asn45Ser,c.134A>G,missense_variant,,,,1,152178,0.000006571252086372537,0,0,0,2094,0,0,0,15274,0,0,0,10606,0,0,0,912,0,0,0,5204,0,0,0,316,0,0,1,41428,0,0,0,4830,0,0,0,3470,0,0,0,68044,0,0
22,21807837,rs3729910,A,G,gnomAD Genomes,NA,PASS,ENST00000215832.11,p.Tyr43Tyr,p.Tyr43Tyr,c.129T>C,synonymous_variant,,,,6694,152192,0.04398391505466779,184,0,111,2084,4,0,908,15270,33,0,297,10622,8,0,2,912,0,0,119,5200,1,0,36,316,3,0,962,41452,12,0,142,4834,1,0,368,3472,25,0,3749,68030,97,0
22,21807846,rs146848959,G,A,gnomAD Genomes,NA,PASS,ENST00000215832.11,p.Cys40Cys,p.Cys40Cys,c.120C>T,splice_region_variant,,,,25,152128,0.0001643352965923433,0,0,2,2086,0,0,0,15266,0,0,0,10610,0,0,0,912,0,0,0,5206,0,0,0,316,0,0,22,41400,0,0,0,4828,0,0,0,3468,0,0,1,68036,0,0
22,21807854,rs769673108,A,G,gnomAD Genomes,NA,PASS,ENST00000215832.11,c.120-8T>C,,c.120-8T>C,splice_region_variant,,,,4,152122,0.000026294684529522356,0,0,0,2088,0,0,0,15260,0,0,0,10594,0,0,0,912,0,0,0,5204,0,0,0,316,0,0,1,41438,0,0,0,4820,0,0,0,3472,0,0,3,68018,0,0
22,21807856,rs1255173145,G,T,gnomAD Genomes,NA,PASS,ENST00000215832.11,c.120-10C>A,,c.120-10C>A,intron_variant,,,,2,152030,0.00001315529829638887,0,0,0,2086,0,0,2,15242,0,0,0,10576,0,0,0,912,0,0,0,5196,0,0,0,316,0,0,0,41416,0,0,0,4814,0,0,0,3470,0,0,0,68002,0,0
22,21807863,rs1368294561,A,C,gnomAD Genomes,NA,PASS,ENST00000215832.11,c.120-17T>G,,c.120-17T>G,intron_variant,,,,1,152220,0.000006569438969911969,0,0,0,2090,0,0,0,15274,0,0,0,10620,0,0,0,912,0,0,0,5206,0,0,0,316,0,0,0,41464,0,0,0,4830,0,0,0,3466,0,0,1,68042,0,0
22,21807869,rs1402400967,G,T,gnomAD Genomes,NA,PASS,ENST00000215832.11,c.120-23C>A,,c.120-23C>A,intron_variant,,,,1,152116,0.000006573930421520419,0,0,0,2088,0,0,0,15262,0,0,0,10606,0,0,0,912,0,0,0,5200,0,0,0,316,0,0,0,41410,0,0,0,4824,0,0,0,3466,0,0,1,68032,0,0
22,21807871,,C,T,gnomAD Genomes,NA,PASS,ENST00000215832.11,c.120-25G>A,,c.120-25G>A,intron_variant,,,,1,152128,0.000006573411863693732,0,0,0,2086,0,0,0,15266,0,0,0,10610,0,0,0,912,0,0,0,5204,0,0,0,316,0,0,0,41404,0,0,1,4820,0,0,0,3470,0,0,0,68040,0,0
22,21807873,rs1476677085,T,C,gnomAD Genomes,NA,PASS,ENST00000215832.11,c.120-27A>G,,c.120-27A>G,intron_variant,,,,1,152162,0.000006571943060685322,0,0,0,2086,0,0,0,15266,0,0,0,10622,0,0,0,912,0,0,0,5204,0,0,0,316,0,0,0,41420,0,0,0,4824,0,0,0,3468,0,0,1,68044,0,0
22,21807876,rs768262935,A,G,gnomAD Genomes,NA,PASS,ENST00000215832.11,c.120-30T>C,,c.120-30T>C,intron_variant,,,,1,152210,0.000006569870573549701,0,0,0,2088,0,0,0,15272,0,0,0,10628,0,0,0,912,0,0,0,5202,0,0,0,316,0,0,0,41456,0,0,0,4826,0,0,0,3468,0,0,1,68042,0,0
22,21807894,rs989642997,T,C,gnomAD Genomes,NA,PASS,ENST00000215832.11,c.120-48A>G,,c.120-48A>G,intron_variant,,,,1,152174,0.0000065714248163286764,0,0,0,2090,0,0,0,15264,0,0,0,10618,0,0,0,912,0,0,0,5202,0,0,0,316,0,0,0,41440,0,0,0,4824,0,0,0,3468,0,0,1,68040,0,0
22,21807895,rs762390766,T,C,gnomAD Genomes,NA,PASS,ENST00000215832.11,c.120-49A>G,,c.120-49A>G,intron_variant,,,,1,152174,0.0000065714248163286764,0,0,0,2088,0,0,0,15268,0,0,0,10622,0,0,0,912,0,0,0,5198,0,0,0,316,0,0,0,41450,0,0,0,4826,0,0,0,3466,0,0,1,68028,0,0
22,21807900,rs576785730,G,A,gnomAD Genomes,NA,PASS,ENST00000215832.11,c.120-54C>T,,c.120-54C>T,intron_variant,,,,10,152184,0.0000657099300846344,0,0,0,2088,0,0,0,15274,0,0,0,10620,0,0,0,912,0,0,0,5200,0,0,0,316,0,0,0,41444,0,0,10,4830,0,0,0,3468,0,0,0,68032,0,0
22,21807904,rs1190840154,G,T,gnomAD Genomes,NA,PASS,ENST00000215832.11,c.120-58C>A,,c.120-58C>A,intron_variant,,,,1,152158,0.000006572115826969334,0,0,0,2088,0,0,0,15272,0,0,0,10604,0,0,0,912,0,0,0,5200,0,0,0,316,0,0,1,41432,0,0,0,4832,0,0,0,3470,0,0,0,68032,0,0
22,21807909,rs3729909,T,C,gnomAD Genomes,NA,PASS,ENST00000215832.11,c.120-63A>G,,c.120-63A>G,intron_variant,,,,55,152154,0.0003614758731285408,0,0,0,2086,0,0,4,15258,0,0,0,10612,0,0,0,912,0,0,40,5206,0,0,0,316,0,0,1,41444,0,0,0,4824,0,0,0,3468,0,0,10,68028,0,0
22,21807912,rs939291010,G,A,gnomAD Genomes,NA,PASS,ENST00000215832.11,c.120-66C>T,,c.120-66C>T,intron_variant,,,,2,152116,0.000013147860843040837,0,0,0,2082,0,0,0,15274,0,0,0,10586,0,0,0,912,0,0,0,5202,0,0,0,316,0,0,0,41424,0,0,2,4826,0,0,0,3466,0,0,0,68028,0,0
22,21807914,rs1267331999,A,T,gnomAD Genomes,NA,PASS,ENST00000215832.11,c.120-68T>A,,c.120-68T>A,intron_variant,,,,1,152190,0.000006570733950982325,0,0,0,2090,0,0,0,15268,0,0,0,10622,0,0,0,912,0,0,0,5200,0,0,0,316,0,0,0,41440,0,0,0,4836,0,0,0,3468,0,0,1,68038,0,0
22,21807920,,T,C,gnomAD Genomes,NA,PASS,ENST00000215832.11,c.120-74A>G,,c.120-74A>G,intron_variant,,,,1,152160,0.000006572029442691903,0,0,0,2086,0,0,0,15274,0,0,1,10618,0,0,0,910,0,0,0,5198,0,0,0,316,0,0,0,41434,0,0,0,4826,0,0,0,3470,0,0,0,68028,0,0
22,21867249,,G,A,gnomAD Genomes,NA,PASS,ENST00000215832.11,c.119+73C>T,,c.119+73C>T,intron_variant,,,,2,150494,0.000013289566361449625,0,0,0,2074,0,0,0,15128,0,0,0,9934,0,0,0,912,0,0,0,5158,0,0,0,314,0,0,0,41198,0,0,0,4830,0,0,0,3448,0,0,2,67498,0,0
22,21867255,,C,G,gnomAD Genomes,NA,PASS,ENST00000215832.11,c.119+67G>C,,c.119+67G>C,intron_variant,,,,1,150342,0.000006651501243830733,0,0,0,2070,0,0,0,15122,0,0,0,9898,0,0,0,910,0,0,0,5156,0,0,0,314,0,0,1,41204,0,0,0,4832,0,0,0,3446,0,0,0,67390,0,0
22,21867257,rs1234595015,G,A,gnomAD Genomes,NA,PASS,ENST00000215832.11,c.119+65C>T,,c.119+65C>T,intron_variant,,,,1,150324,0.000006652297703626833,0,0,0,2068,0,0,0,15124,0,0,0,9886,0,0,0,912,0,0,0,5158,0,0,0,314,0,0,1,41188,0,0,0,4830,0,0,0,3446,0,0,0,67398,0,0
22,21867259,rs1291000511,G,A,gnomAD Genomes,NA,PASS,ENST00000215832.11,c.119+63C>T,,c.119+63C>T,intron_variant,,,,2,150272,0.000013309199318568995,0,0,1,2070,0,0,0,15116,0,0,0,9866,0,0,0,912,0,0,0,5156,0,0,0,314,0,0,0,41182,0,0,0,4828,0,0,0,3446,0,0,1,67382,0,0
22,21867260,rs575187481,G,A,gnomAD Genomes,NA,PASS,ENST00000215832.11,c.119+62C>T,,c.119+62C>T,intron_variant,,,,1,150172,0.000006659030977812109,0,0,0,2068,0,0,0,15112,0,0,0,9820,0,0,0,912,0,0,0,5160,0,0,0,314,0,0,0,41204,0,0,1,4832,0,0,0,3446,0,0,0,67304,0,0
22,21867273,rs1431426798,C,A,gnomAD Genomes,NA,PASS,ENST00000215832.11,c.119+49G>T,,c.119+49G>T,intron_variant,,,,6,149930,0.00004001867538184486,0,0,0,2060,0,0,4,15094,0,0,0,9768,0,0,0,910,0,0,0,5154,0,0,0,314,0,0,2,41182,0,0,0,4830,0,0,0,3436,0,0,0,67182,0,0
22,21867275,rs1299434119,G,A,gnomAD Genomes,NA,PASS,ENST00000215832.11,c.119+47C>T,,c.119+47C>T,intron_variant,,,,6,149964,0.00004000960230455309,0,0,0,2062,0,0,0,15082,0,0,0,9774,0,0,0,910,0,0,0,5168,0,0,0,314,0,0,0,41194,0,0,0,4832,0,0,0,3436,0,0,6,67192,0,0
22,21867276,rs1015970362,C,T,gnomAD Genomes,NA,PASS,ENST00000215832.11,c.119+46G>A,,c.119+46G>A,intron_variant,,,,1,149962,0.000006668355983515824,0,0,0,2062,0,0,0,15090,0,0,0,9772,0,0,0,912,0,0,0,5162,0,0,0,314,0,0,1,41188,0,0,0,4828,0,0,0,3436,0,0,0,67198,0,0
22,21867279,rs1229871380,C,G,gnomAD Genomes,NA,PASS,ENST00000215832.11,c.119+43G>C,,c.119+43G>C,intron_variant,,,,3,149920,0.000020010672358591247,0,0,0,2066,0,0,3,15080,0,0,0,9758,0,0,0,912,0,0,0,5160,0,0,0,314,0,0,0,41190,0,0,0,4824,0,0,0,3436,0,0,0,67180,0,0
22,21867281,rs1385838326,G,A,gnomAD Genomes,NA,PASS,ENST00000215832.11,c.119+41C>T,,c.119+41C>T,intron_variant,,,,2,149866,0.000013345255094551133,0,0,0,2060,0,0,0,15080,0,0,0,9748,0,0,0,910,0,0,0,5154,0,0,0,314,0,0,0,41178,0,0,0,4822,0,0,0,3436,0,0,2,67164,0,0
22,21867283,rs1275271614,C,A,gnomAD Genomes,NA,PASS,ENST00000215832.11,c.119+39G>T,,c.119+39G>T,intron_variant,,,,2,149810,0.000013350243641946466,0,0,0,2058,0,0,0,15072,0,0,0,9740,0,0,0,910,0,0,0,5150,0,0,0,314,0,0,0,41152,0,0,0,4824,0,0,0,3436,0,0,2,67154,0,0
22,21867287,,G,T,gnomAD Genomes,NA,PASS,ENST00000215832.11,c.119+35C>A,,c.119+35C>A,intron_variant,,,,1,149626,0.000006683330437223477,0,0,0,2056,0,0,0,15060,0,0,0,9716,0,0,0,910,0,0,0,5154,0,0,0,314,0,0,0,41116,0,0,1,4826,0,0,0,3434,0,0,0,67040,0,0
22,21867287,rs994458711,G,C,gnomAD Genomes,NA,PASS,ENST00000215832.11,c.119+35C>G,,c.119+35C>G,intron_variant,,,,3,149626,0.000020049991311670433,0,0,0,2056,0,0,0,15060,0,0,0,9716,0,0,0,910,0,0,0,5154,0,0,0,314,0,0,0,41116,0,0,0,4826,0,0,0,3434,0,0,3,67040,0,0
22,21867288,rs1298792248,G,C,gnomAD Genomes,NA,PASS,ENST00000215832.11,c.119+34C>G,,c.119+34C>G,intron_variant,,,,1,149710,0.000006679580522343197,0,0,0,2056,0,0,0,15062,0,0,0,9716,0,0,0,910,0,0,0,5162,0,0,0,314,0,0,0,41158,0,0,0,4830,0,0,0,3432,0,0,1,67070,0,0
22,21867292,,G,T,gnomAD Genomes,NA,PASS,ENST00000215832.11,c.119+30C>A,,c.119+30C>A,intron_variant,,,,1,149582,0.000006685296359187603,0,0,0,2056,0,0,0,15058,0,0,0,9704,0,0,0,908,0,0,0,5162,0,0,0,314,0,0,1,41140,0,0,0,4830,0,0,0,3434,0,0,0,66976,0,0
22,21867292,rs761274697,G,A,gnomAD Genomes,NA,PASS,ENST00000215832.11,c.119+30C>T,,c.119+30C>T,intron_variant,,,,28,149582,0.00018718829805725287,0,0,3,2056,0,0,2,15058,0,0,0,9704,0,0,0,908,0,0,0,5162,0,0,1,314,0,0,0,41140,0,0,0,4830,0,0,10,3434,0,0,12,66976,0,0
22,21867293,,G,T,gnomAD Genomes,NA,PASS,ENST00000215832.11,c.119+29C>A,,c.119+29C>A,intron_variant,,,,1,149622,0.000006683509109622916,0,0,0,2062,0,0,0,15060,0,0,0,9696,0,0,0,910,0,0,0,5158,0,0,0,314,0,0,0,41154,0,0,1,4830,0,0,0,3434,0,0,0,67004,0,0
22,21867296,rs537732321,G,A,gnomAD Genomes,NA,PASS,ENST00000215832.11,c.119+26C>T,,c.119+26C>T,intron_variant,,,,4,149590,0.00002673975533123872,0,0,0,2056,0,0,0,15050,0,0,0,9688,0,0,0,910,0,0,3,5156,0,0,0,312,0,0,0,41144,0,0,1,4832,0,0,0,3434,0,0,0,67008,0,0
22,21867299,rs554812089,C,A,gnomAD Genomes,NA,PASS,ENST00000215832.11,c.119+23G>T,,c.119+23G>T,intron_variant,,,,1,149500,0.000006688963210702341,0,0,0,2058,0,0,0,15048,0,0,0,9678,0,0,0,908,0,0,0,5148,0,0,0,312,0,0,0,41142,0,0,1,4828,0,0,0,3432,0,0,0,66946,0,0
22,21867301,rs754320246,T,C,gnomAD Genomes,NA,PASS,ENST00000215832.11,c.119+21A>G,,c.119+21A>G,intron_variant,,,,10,148982,0.00006712220268220321,0,0,0,2056,0,0,0,15038,0,0,0,9636,0,0,0,908,0,0,0,5086,0,0,0,304,0,0,10,40918,0,0,0,4804,0,0,0,3428,0,0,0,66804,0,0
22,21867302,,G,A,gnomAD Genomes,NA,PASS,ENST00000215832.11,c.119+20C>T,,c.119+20C>T,intron_variant,,,,1,149476,0.000006690037196606813,0,0,0,2058,0,0,0,15040,0,0,0,9672,0,0,0,910,0,0,0,5142,0,0,0,314,0,0,0,41140,0,0,0,4834,0,0,0,3432,0,0,1,66934,0,0
22,21867306,rs1474617397,G,C,gnomAD Genomes,NA,PASS,ENST00000215832.11,c.119+16C>G,,c.119+16C>G,intron_variant,,,,2,149454,0.000013382043973396496,0,0,1,2058,0,0,0,15024,0,0,0,9678,0,0,0,908,0,0,0,5156,0,0,0,314,0,0,0,41114,0,0,0,4832,0,0,0,3428,0,0,1,66942,0,0
22,21867307,,G,A,gnomAD Genomes,NA,PASS,ENST00000215832.11,c.119+15C>T,,c.119+15C>T,intron_variant,,,,1,149450,0.000006691201070592171,0,0,0,2054,0,0,0,15040,0,0,0,9680,0,0,0,910,0,0,1,5140,0,0,0,312,0,0,0,41112,0,0,0,4834,0,0,0,3426,0,0,0,66942,0,0
22,21867311,rs755354265,C,A,gnomAD Genomes,NA,PASS,ENST00000215832.11,c.119+11G>T,,c.119+11G>T,intron_variant,,,,1,149250,0.000006700167504187605,0,0,1,2058,0,0,0,15038,0,0,0,9652,0,0,0,906,0,0,0,5122,0,0,0,312,0,0,0,41078,0,0,0,4818,0,0,0,3430,0,0,0,66836,0,0
22,21867311,rs755354265,C,G,gnomAD Genomes,NA,PASS,ENST00000215832.11,c.119+11G>C,,c.119+11G>C,intron_variant,,,,3,149250,0.000020100502512562815,0,0,0,2058,0,0,0,15038,0,0,0,9652,0,0,0,906,0,0,0,5122,0,0,0,312,0,0,0,41078,0,0,0,4818,0,0,0,3430,0,0,3,66836,0,0
22,21867312,rs1351335243,G,C,gnomAD Genomes,NA,PASS,ENST00000215832.11,c.119+10C>G,,c.119+10C>G,intron_variant,,,,3,149414,0.0000200784397713735,0,0,0,2054,0,0,0,15032,0,0,0,9666,0,0,0,910,0,0,0,5136,0,0,0,314,0,0,3,41122,0,0,0,4824,0,0,0,3430,0,0,0,66926,0,0
22,21867327,,C,T,gnomAD Genomes,NA,PASS,ENST00000215832.11,p.Met38Ile,p.Met38Ile,c.114G>A,missense_variant,,,,1,149320,0.00000669702652022502,0,0,0,2054,0,0,0,15040,0,0,0,9654,0,0,0,910,0,0,0,5126,0,0,0,314,0,0,1,41110,0,0,0,4826,0,0,0,3426,0,0,0,66860,0,0
22,21867333,rs201495639,G,A,gnomAD Genomes,NA,PASS,ENST00000215832.11,p.Tyr36Tyr,p.Tyr36Tyr,c.108C>T,synonymous_variant,,,,67,149348,0.0004486166537215095,1,0,0,2052,0,0,1,15040,0,0,0,9632,0,0,0,908,0,0,58,5138,1,0,0,314,0,0,0,41126,0,0,8,4828,0,0,0,3424,0,0,0,66886,0,0
22,21867342,rs1317531914,C,T,gnomAD Genomes,NA,PASS,ENST00000215832.11,p.Glu33Glu,p.Glu33Glu,c.99G>A,synonymous_variant,,,,2,149304,0.000013395488399507046,0,0,0,2060,0,0,0,15038,0,0,0,9628,0,0,0,912,0,0,0,5138,0,0,0,312,0,0,0,41120,0,0,0,4816,0,0,0,3422,0,0,2,66858,0,0
22,21867348,rs758509707,G,A,gnomAD Genomes,NA,PASS,ENST00000215832.11,p.Ile31Ile,p.Ile31Ile,c.93C>T,synonymous_variant,,,,1,149266,0.000006699449305267107,0,0,0,2056,0,0,0,15032,0,0,0,9604,0,0,0,912,0,0,0,5146,0,0,0,314,0,0,0,41128,0,0,1,4832,0,0,0,3414,0,0,0,66828,0,0
22,21867366,rs1242730747,G,A,gnomAD Genomes,NA,PASS,ENST00000215832.11,p.Tyr25Tyr,p.Tyr25Tyr,c.75C>T,synonymous_variant,,,,1,149200,0.0000067024128686327074,0,0,0,2052,0,0,0,15026,0,0,0,9596,0,0,0,912,0,0,0,5158,0,0,0,314,0,0,0,41104,0,0,0,4828,0,0,0,3414,0,0,1,66796,0,0
22,21867369,,G,C,gnomAD Genomes,NA,PASS,ENST00000215832.11,p.Arg24Arg,p.Arg24Arg,c.72C>G,synonymous_variant,,,,1,149042,0.000006709518122408449,0,0,0,2046,0,0,0,15018,0,0,0,9578,0,0,0,910,0,0,0,5140,0,0,0,314,0,0,0,41074,0,0,0,4828,0,0,0,3412,0,0,1,66722,0,0
22,21867372,rs756053469,C,T,gnomAD Genomes,NA,PASS,ENST00000215832.11,p.Pro23Pro,p.Pro23Pro,c.69G>A,synonymous_variant,,,,3,149018,0.000020131796158853292,0,0,0,2056,0,0,0,15010,0,0,0,9552,0,0,0,908,0,0,0,5126,0,0,0,314,0,0,3,41074,0,0,0,4830,0,0,0,3412,0,0,0,66736,0,0
22,21867375,rs1232922074,C,A,gnomAD Genomes,NA,PASS,ENST00000215832.11,p.Gly22Gly,p.Gly22Gly,c.66G>T,synonymous_variant,,,,1,149104,0.000006706728189719927,0,0,0,2056,0,0,0,15024,0,0,0,9568,0,0,0,912,0,0,0,5150,0,0,0,314,0,0,0,41100,0,0,0,4826,0,0,0,3410,0,0,1,66744,0,0
22,21867378,rs779965260,C,T,gnomAD Genomes,NA,PASS,ENST00000215832.11,p.Val21Val,p.Val21Val,c.63G>A,synonymous_variant,,,,1,149058,0.000006708797917589127,0,0,0,2056,0,0,0,15008,0,0,0,9564,0,0,0,908,0,0,0,5136,0,0,0,314,0,0,0,41090,0,0,0,4826,0,0,0,3410,0,0,1,66746,0,0
22,21867384,,G,T,gnomAD Genomes,NA,PASS,ENST00000215832.11,p.Phe19Leu,p.Phe19Leu,c.57C>A,missense_variant,,,,1,148788,0.00000672097212140764,0,0,0,2052,0,0,0,15004,0,0,0,9532,0,0,0,912,0,0,0,5114,0,0,0,314,0,0,0,40998,0,0,0,4816,0,0,0,3404,0,0,1,66642,0,0
22,21867384,rs749142638,G,A,gnomAD Genomes,NA,PASS,ENST00000215832.11,p.Phe19Phe,p.Phe19Phe,c.57C>T,synonymous_variant,,,,4,148788,0.00002688388848563056,0,0,0,2052,0,0,0,15004,0,0,0,9532,0,0,0,912,0,0,4,5114,0,0,0,314,0,0,0,40998,0,0,0,4816,0,0,0,3404,0,0,0,66642,0,0
22,21867389,rs768479151,C,A,gnomAD Genomes,NA,PASS,ENST00000215832.11,p.Val18Leu,p.Val18Leu,c.52G>T,missense_variant,,,,1,148906,0.0000067156461123124655,0,0,0,2048,0,0,0,14998,0,0,0,9532,0,0,0,910,0,0,0,5128,0,0,0,314,0,0,1,41068,0,0,0,4820,0,0,0,3408,0,0,0,66680,0,0
22,21867389,rs768479151,C,G,gnomAD Genomes,NA,PASS,ENST00000215832.11,p.Val18Leu,p.Val18Leu,c.52G>C,missense_variant,,,,5,148906,0.00003357823056156233,0,0,0,2048,0,0,0,14998,0,0,0,9532,0,0,0,910,0,0,0,5128,0,0,0,314,0,0,5,41068,0,0,0,4820,0,0,0,3408,0,0,0,66680,0,0
22,21867390,rs200497005,C,T,gnomAD Genomes,NA,PASS,ENST00000215832.11,p.Gln17Gln,p.Gln17Gln,c.51G>A,synonymous_variant,,,,968,149012,0.006496121117762328,8,0,17,2054,1,0,41,15008,0,0,0,9550,0,0,0,912,0,0,0,5150,0,0,1,314,0,0,902,41090,7,0,1,4830,0,0,0,3410,0,0,6,66694,0,0
22,21867396,rs1460054201,G,A,gnomAD Genomes,NA,PASS,ENST00000215832.11,p.Arg15Arg,p.Arg15Arg,c.45C>T,synonymous_variant,,,,1,148724,0.00000672386433931309,0,0,0,2050,0,0,0,15002,0,0,0,9488,0,0,0,908,0,0,0,5136,0,0,0,314,0,0,1,41022,0,0,0,4818,0,0,0,3404,0,0,0,66582,0,0
22,21867401,,C,A,gnomAD Genomes,NA,PASS,ENST00000215832.11,p.Val14Phe,p.Val14Phe,c.40G>T,missense_variant,,,,1,148774,0.000006721604581445683,0,0,0,2050,0,0,0,14986,0,0,0,9510,0,0,0,908,0,0,0,5130,0,0,0,314,0,0,0,41034,0,0,0,4822,0,0,0,3402,0,0,1,66618,0,0
22,21867409,rs1165567498,G,A,gnomAD Genomes,NA,PASS,ENST00000215832.11,p.Pro11Leu,p.Pro11Leu,c.32C>T,missense_variant,,,lcr,2,148742,0.000013446101302927216,0,0,0,2054,0,0,0,14956,0,0,0,9512,0,0,0,910,0,0,0,5128,0,0,0,314,0,0,1,41080,0,0,0,4810,0,0,0,3404,0,0,1,66574,0,0
22,21867414,rs747854691,C,A,gnomAD Genomes,NA,PASS,ENST00000215832.11,p.Ala9Ala,p.Ala9Ala,c.27G>T,synonymous_variant,,,lcr,7,148718,0.00004706894928656921,0,0,0,2050,0,0,0,14928,0,0,0,9514,0,0,0,908,0,0,0,5134,0,0,0,314,0,0,7,41064,0,0,0,4796,0,0,0,3402,0,0,0,66608,0,0
22,21867414,rs747854691,C,G,gnomAD Genomes,NA,PASS,ENST00000215832.11,p.Ala9Ala,p.Ala9Ala,c.27G>C,synonymous_variant,,,lcr,1,148718,0.00000672413561236703,0,0,0,2050,0,0,0,14928,0,0,0,9514,0,0,0,908,0,0,0,5134,0,0,0,314,0,0,0,41064,0,0,0,4796,0,0,0,3402,0,0,1,66608,0,0
22,21867415,,G,A,gnomAD Genomes,NA,PASS,ENST00000215832.11,p.Ala9Val,p.Ala9Val,c.26C>T,missense_variant,,,lcr,1,148634,0.000006727935734757861,0,0,0,2050,0,0,1,14892,0,0,0,9518,0,0,0,906,0,0,0,5128,0,0,0,312,0,0,0,41064,0,0,0,4774,0,0,0,3406,0,0,0,66584,0,0
22,21867417,rs1185307509,G,T,gnomAD Genomes,NA,PASS,ENST00000215832.11,p.Gly8Gly,p.Gly8Gly,c.24C>A,synonymous_variant,,,lcr,4,148526,0.00002693131168953584,0,0,0,2052,0,0,3,14860,0,0,0,9500,0,0,0,906,0,0,0,5132,0,0,0,314,0,0,0,41040,0,0,0,4754,0,0,0,3406,0,0,1,66562,0,0
22,21867423,rs1454976904,C,A,gnomAD Genomes,NA,PASS,ENST00000215832.11,p.Ala6Ala,p.Ala6Ala,c.18G>T,synonymous_variant,,,lcr,1,149050,0.0000067091580006709155,0,0,0,2054,0,0,0,15010,0,0,0,9540,0,0,0,910,0,0,1,5146,0,0,0,312,0,0,0,41100,0,0,0,4820,0,0,0,3408,0,0,0,66750,0,0
22,21867423,rs1454976904,C,G,gnomAD Genomes,NA,PASS,ENST00000215832.11,p.Ala6Ala,p.Ala6Ala,c.18G>C,synonymous_variant,,,lcr,1,149050,0.0000067091580006709155,0,0,0,2054,0,0,0,15010,0,0,0,9540,0,0,0,910,0,0,0,5146,0,0,0,312,0,0,0,41100,0,0,0,4820,0,0,0,3408,0,0,1,66750,0,0
22,21867424,,G,A,gnomAD Genomes,NA,PASS,ENST00000215832.11,p.Ala6Val,p.Ala6Val,c.17C>T,missense_variant,,,lcr,1,149040,0.000006709608158883521,0,0,0,2056,0,0,1,15000,0,0,0,9538,0,0,0,910,0,0,0,5152,0,0,0,314,0,0,0,41082,0,0,0,4820,0,0,0,3420,0,0,0,66748,0,0
22,21867427,rs1282708145,G,C,gnomAD Genomes,NA,PASS,ENST00000215832.11,p.Ala5Gly,p.Ala5Gly,c.14C>G,missense_variant,,,lcr,1,149208,0.000006702053509195218,0,0,0,2050,0,0,0,15006,0,0,0,9568,0,0,0,912,0,0,0,5152,0,0,0,312,0,0,0,41094,0,0,0,4822,0,0,0,3422,0,0,1,66870,0,0
22,21867427,rs1282708145,G,A,gnomAD Genomes,NA,PASS,ENST00000215832.11,p.Ala5Val,p.Ala5Val,c.14C>T,missense_variant,,,lcr,1,149208,0.000006702053509195218,0,0,0,2050,0,0,0,15006,0,0,0,9568,0,0,0,912,0,0,0,5152,0,0,0,312,0,0,1,41094,0,0,0,4822,0,0,0,3422,0,0,0,66870,0,0
22,21867442,,T,A,gnomAD Genomes,NA,PASS,ENST00000215832.11,c.-2A>T,,c.-2A>T,5_prime_UTR_variant,,,lcr,2,149094,0.000013414356043838115,0,0,0,2050,0,0,0,14988,0,0,0,9664,0,0,0,900,0,0,0,5114,0,0,0,314,0,0,0,40980,0,0,0,4790,0,0,0,3424,0,0,2,66870,0,0
22,21867445,rs941812969,G,A,gnomAD Genomes,NA,PASS,ENST00000215832.11,c.-5C>T,,c.-5C>T,5_prime_UTR_variant,,,lcr,1,149808,0.000006675210936665598,0,0,0,2064,0,0,0,15056,0,0,0,9776,0,0,0,908,0,0,0,5154,0,0,0,312,0,0,0,41144,0,0,0,4820,0,0,0,3434,0,0,1,67140,0,0
22,21867448,rs1439067670,G,A,gnomAD Genomes,NA,PASS,ENST00000215832.11,c.-8C>T,,c.-8C>T,5_prime_UTR_variant,,,lcr,9,149900,0.0000600400266844563,0,0,0,2058,0,0,8,15060,0,0,0,9814,0,0,0,910,0,0,0,5154,0,0,0,314,0,0,1,41160,0,0,0,4816,0,0,0,3438,0,0,0,67176,0,0
22,21867450,rs1037844426,C,T,gnomAD Genomes,NA,PASS,ENST00000215832.11,c.-10G>A,,c.-10G>A,5_prime_UTR_variant,,,lcr,3,149894,0.000020014143327951753,0,0,0,2060,0,0,0,15070,0,0,0,9810,0,0,0,908,0,0,0,5138,0,0,0,312,0,0,3,41126,0,0,0,4818,0,0,0,3444,0,0,0,67208,0,0
22,21867451,rs1294214056,G,C,gnomAD Genomes,NA,PASS,ENST00000215832.11,c.-11C>G,,c.-11C>G,5_prime_UTR_variant,,,lcr,1,149922,0.000006670135136937874,0,0,0,2060,0,0,0,15058,0,0,0,9816,0,0,0,910,0,0,0,5146,0,0,0,312,0,0,0,41138,0,0,0,4814,0,0,0,3444,0,0,1,67224,0,0
22,21867459,rs993590148,G,A,gnomAD Genomes,NA,PASS,ENST00000215832.11,c.-19C>T,,c.-19C>T,5_prime_UTR_variant,,,lcr,1,150214,0.000006657169105409615,0,0,0,2068,0,0,0,15094,0,0,0,9938,0,0,0,912,0,0,0,5146,0,0,0,312,0,0,0,41158,0,0,0,4816,0,0,0,3448,0,0,1,67322,0,0
22,21867465,,T,C,gnomAD Genomes,NA,PASS,ENST00000215832.11,c.-25A>G,,c.-25A>G,5_prime_UTR_variant,,,lcr,1,149326,0.000006696757430052369,0,0,0,2062,0,0,0,15004,0,0,0,9908,0,0,0,906,0,0,0,5070,0,0,0,312,0,0,0,40784,0,0,0,4740,0,0,0,3450,0,0,1,67090,0,0
22,21867465,rs1382001187,T,G,gnomAD Genomes,NA,PASS,ENST00000215832.11,c.-25A>C,,c.-25A>C,5_prime_UTR_variant,,,lcr,1,149326,0.000006696757430052369,0,0,0,2062,0,0,0,15004,0,0,0,9908,0,0,0,906,0,0,0,5070,0,0,0,312,0,0,1,40784,0,0,0,4740,0,0,0,3450,0,0,0,67090,0,0
22,21867470,rs1024605658,C,G,gnomAD Genomes,NA,PASS,ENST00000215832.11,c.-30G>C,,c.-30G>C,5_prime_UTR_variant,,,lcr,166,150458,0.0011032979303194246,0,0,1,2070,0,0,5,15116,0,0,4,10060,0,0,0,908,0,0,0,5152,0,0,0,314,0,0,12,41148,0,0,2,4812,0,0,4,3462,0,0,138,67416,0,0
22,21867470,rs1024605658,C,A,gnomAD Genomes,NA,PASS,ENST00000215832.11,c.-30G>T,,c.-30G>T,5_prime_UTR_variant,,,lcr,1,150458,0.0000066463730742134014,0,0,0,2070,0,0,0,15116,0,0,0,10060,0,0,0,908,0,0,0,5152,0,0,0,314,0,0,1,41148,0,0,0,4812,0,0,0,3462,0,0,0,67416,0,0
22,21867471,rs1003111457,G,T,gnomAD Genomes,NA,PASS,ENST00000215832.11,c.-31C>A,,c.-31C>A,5_prime_UTR_variant,,,lcr,14,150384,0.00009309501010745823,0,0,0,2064,0,0,5,15098,0,0,0,10070,0,0,0,904,0,0,0,5136,0,0,1,312,0,0,0,41128,0,0,0,4800,0,0,0,3464,0,0,8,67408,0,0
22,21867476,rs1267541460,G,A,gnomAD Genomes,NA,PASS,ENST00000215832.11,c.-36C>T,,c.-36C>T,5_prime_UTR_variant,,,,1,150836,0.0000066297170436765755,0,0,0,2074,0,0,0,15136,0,0,0,10144,0,0,0,910,0,0,0,5156,0,0,0,314,0,0,0,41258,0,0,0,4814,0,0,0,3468,0,0,1,67562,0,0
22,21867481,,C,G,gnomAD Genomes,NA,PASS,ENST00000215832.11,c.-41G>C,,c.-41G>C,5_prime_UTR_variant,,,,1,150756,0.0000066332351614529435,0,0,0,2068,0,0,0,15138,0,0,0,10162,0,0,0,912,0,0,0,5142,0,0,0,314,0,0,0,41206,0,0,0,4816,0,0,0,3464,0,0,1,67534,0,0
22,21867485,rs1484584045,G,T,gnomAD Genomes,NA,PASS,ENST00000215832.11,c.-45C>A,,c.-45C>A,5_prime_UTR_variant,,,,1,150838,0.0000066296291385459894,0,0,0,2062,0,0,0,15156,0,0,0,10178,0,0,0,910,0,0,0,5120,0,0,0,314,0,0,1,41226,0,0,0,4814,0,0,0,3468,0,0,0,67590,0,0
22,21867490,,G,A,gnomAD Genomes,NA,PASS,ENST00000215832.11,c.-50C>T,,c.-50C>T,5_prime_UTR_variant,,,,1,150974,0.000006623657053532396,0,0,1,2068,0,0,0,15178,0,0,0,10238,0,0,0,908,0,0,0,5142,0,0,0,312,0,0,0,41220,0,0,0,4814,0,0,0,3460,0,0,0,67634,0,0
22,21867492,rs1240980915,G,A,gnomAD Genomes,NA,PASS,ENST00000215832.11,c.-52C>T,,c.-52C>T,5_prime_UTR_variant,,,,1,151004,0.00000662234113003629,0,0,0,2074,0,0,0,15160,0,0,0,10246,0,0,0,910,0,0,0,5142,0,0,0,314,0,0,0,41246,0,0,0,4816,0,0,0,3460,0,0,1,67636,0,0
22,21867496,rs553199484,G,A,gnomAD Genomes,NA,PASS,ENST00000215832.11,c.-56C>T,,c.-56C>T,5_prime_UTR_variant,,,,1,151116,0.0000066174329654040605,0,0,0,2068,0,0,0,15174,0,0,0,10268,0,0,0,908,0,0,0,5152,0,0,0,314,0,0,0,41268,0,0,1,4816,0,0,0,3464,0,0,0,67684,0,0
22,21867503,,A,G,gnomAD Genomes,NA,PASS,ENST00000215832.11,c.-63T>C,,c.-63T>C,5_prime_UTR_variant,,,,1,150774,0.000006632443259447916,0,0,0,2068,0,0,0,15140,0,0,0,10302,0,0,0,904,0,0,0,5112,0,0,0,314,0,0,1,41114,0,0,0,4782,0,0,0,3464,0,0,0,67574,0,0
22,21867515,rs1311854864,C,T,gnomAD Genomes,NA,PASS,ENST00000215832.11,c.-75G>A,,c.-75G>A,5_prime_UTR_variant,,,,2,151424,0.000013207945900253592,0,0,1,2076,0,0,1,15218,0,0,0,10394,0,0,0,908,0,0,0,5150,0,0,0,314,0,0,0,41322,0,0,0,4820,0,0,0,3470,0,0,0,67752,0,0
