Position ,Score 
1,0.24
2,0.52
3,0.72
4,0.63
5,0.74
6,0.71
7,0.66
8,0.54
9,0.27
10,0.24
11,0.28
12,0.53
13,0.13
14,0.17
15,0.16
16,0.21
17,0.24
18,0.26
19,0.35
20,0.37
21,0.41
22,0.37
23,0.43
24,0.44
25,0.43
26,0.44
27,0.36
28,0.34
29,0.31
30,0.52
31,0.48
32,0.91
33,0.87
34,0.81
35,0.23
36,0.24
37,0.79
38,0.81
39,0.9
40,0.45
41,0.78
42,0.31
43,0.37
44,0.32
45,0.39
46,0.34
47,0.26
48,0.28
49,0.58
50,0.36
51,0.7
52,0.35
53,0.54
54,0.58
55,0.46
56,0.34
57,0.13
58,0.1
59,0.2
60,0.17
61,0.19
62,0.19
63,0.37
64,0.23
65,0.35
66,0.37
67,0.3
68,0.3
69,0.23
70,0.34
71,0.28
72,0.3
73,0.33
74,0.35
75,0.28
76,0.22
77,0.26
78,0.32
79,0.32
80,0.31
81,0.22
82,0.23
83,0.36
84,0.41
85,0.21
86,0.38
87,0.41
88,0.31
89,0.22
90,0.16
91,0.21
92,0.24
93,0.18
94,0.17
95,0.15
96,0.41
97,0.52
98,0.4
99,0.58
100,0.74
101,0.65
102,0.56
103,0.6
104,0.7
105,0.81
106,0.76
107,0.58
108,0.52
109,0.25
110,0.13
111,0.23
112,0.18
113,0.14
114,0.18
115,0.12
116,0.14
117,0.17
118,0.14
119,0.21
120,0.2
121,0.3
122,0.19
123,0.2
124,0.27
125,0.22
126,0.31
127,0.34
128,0.37
129,0.35
130,0.28
131,0.22
132,0.14
133,0.19
134,0.27
135,0.28
136,0.32
137,0.31
138,0.28
139,0.34
140,0.26
141,0.21
142,0.32
143,0.18
144,0.13
145,0.11
146,0.12
147,0.13
148,0.29
149,0.14
150,0.28
151,0.51
152,0.4
153,0.3
154,0.34
155,0.41
156,0.58
157,0.59
158,0.58
159,0.5
160,0.38
161,0.46
162,0.33
163,0.38
164,0.31
165,0.36
166,0.36
167,0.33
168,0.31
169,0.26
170,0.24
171,0.33
172,0.25
173,0.18
174,0.26
175,0.24
176,0.35
177,0.31
178,0.27
179,0.37
180,0.34
181,0.18
182,0.36
183,0.27
184,0.27
185,0.23
186,0.17
187,0.16
188,0.18
189,0.19
190,0.14
191,0.13
192,0.17
193,0.17
194,0.17
195,0.13
196,0.17
197,0.17
198,0.18
199,0.22
200,0.32
201,0.21
202,0.22
203,0.49
204,0.48
205,0.39
206,0.58
207,0.44
208,0.25
209,0.46
210,0.17
211,0.17
212,0.18
213,0.19
214,0.2
215,0.19
216,0.16
217,0.19
218,0.16
219,0.18
220,0.18
221,0.44
222,0.64
223,0.64
224,0.64
225,0.49
226,0.54
227,0.45
228,0.4
229,0.21
230,0.4
231,0.56
232,0.28
233,0.33
234,0.18
235,0.36
236,0.51
237,0.6
238,0.4
239,0.61
240,0.3
241,0.24
242,0.3
243,0.46
244,0.29
245,0.31
246,0.34
247,0.19
248,0.22
249,0.21
250,0.2
251,0.14
252,0.16
253,0.16
254,0.13
255,0.11
256,0.15
257,0.11
258,0.18
259,0.57
260,0.41
261,0.21
262,0.42
263,0.24
264,0.39
265,0.39
266,0.38
267,0.37
268,0.43
269,0.3
270,0.46
271,0.3
272,0.24
273,0.22
274,0.37
275,0.43
276,0.48
277,0.58
278,0.3
279,0.64
280,0.43
281,0.65
282,0.59
283,0.53
284,0.19
285,0.2
286,0.22
287,0.21
288,0.25
289,0.34
290,0.35
291,0.58
292,0.55
293,0.58
294,0.34
295,0.18
296,0.16
297,0.13
298,0.13
299,0.13
300,0.15
301,0.17
302,0.15
303,0.12
304,0.26
305,0.18
306,0.27
307,0.43
308,0.44
309,0.15
310,0.19
311,0.42
312,0.41
313,0.66
314,0.38
315,0.36
316,0.25
317,0.63
318,0.77
319,0.82
320,0.77
321,0.78
322,0.7
323,0.55
324,0.53
325,0.47
326,0.42
327,0.6
328,0.41
329,0.56
330,0.61
331,0.77
332,0.75
333,0.56
334,0.43
335,0.46
336,0.29
337,0.3
338,0.13
339,0.14
340,0.23
341,0.26
342,0.26
343,0.24
344,0.31
345,0.37
346,0.52
347,0.4
348,0.33
349,0.23
350,0.17
351,0.24
352,0.19
353,0.21
354,0.2
355,0.15
356,0.21
357,0.18
358,0.21
359,0.17
360,0.26
361,0.21
362,0.19
363,0.32
364,0.33
365,0.38
366,0.32
367,0.27
368,0.23
369,0.47
370,0.44
371,0.43
372,0.42
373,0.42
374,0.46
375,0.26
376,0.2
377,0.72
378,0.45
379,0.37
380,0.39
381,0.34
382,0.23
383,0.13
384,0.27
385,0.11
386,0.12
387,0.14
388,0.31
389,0.66
390,0.59
391,0.64
392,0.19
393,0.34
394,0.28
395,0.34
396,0.39
397,0.57
398,0.46
399,0.42
400,0.29
401,0.25
402,0.31
403,0.41
404,0.32
405,0.21
406,0.32
407,0.27
408,0.25
409,0.29
410,0.46
411,0.24
412,0.3
413,0.42
414,0.59
415,0.58
416,0.48
417,0.53
418,0.57
419,0.61
420,0.55
421,0.5
422,0.27
423,0.17
424,0.22
425,0.33
426,0.28
427,0.17
428,0.31
429,0.26
430,0.33
431,0.26
432,0.41
433,0.62
434,0.55
435,0.67
436,0.3
437,0.31
438,0.51
439,0.31
440,0.41
441,0.39
442,0.38
443,0.38
444,0.27
445,0.25
446,0.45
447,0.32
448,0.21
449,0.22
450,0.44
451,0.19
452,0.26
453,0.44
454,0.64
455,0.42
456,0.32
457,0.27
458,0.59
459,0.52
460,0.38
461,0.52
462,0.56
463,0.53
464,0.67
465,0.64
466,0.65
467,0.63
468,0.63
469,0.61
470,0.5
471,0.62
472,0.49
473,0.48
474,0.32
475,0.31
476,0.33
477,0.41
478,0.41
479,0.51
480,0.5
481,0.49
482,0.31
483,0.31
484,0.21
485,0.21
486,0.26
487,0.45
488,0.49
489,0.47
490,0.38
491,0.25
492,0.25
493,0.4
494,0.54
495,0.36
496,0.47
497,0.41
498,0.64
499,0.62
500,0.62
501,0.66
502,0.56
503,0.61
504,0.4
505,0.48
506,0.64
507,0.5
508,0.44
509,0.36
510,0.23
511,0.27
512,0.42
513,0.4
514,0.33
515,0.47
516,0.32
517,0.29
518,0.26
519,0.28
520,0.32
521,0.2
522,0.24
523,0.15
524,0.19
525,0.34
526,0.38
527,0.38
528,0.42
529,0.44
530,0.43
531,0.51
532,0.56
533,0.4
534,0.41
535,0.49
536,0.3
537,0.29
538,0.24
539,0.36
540,0.44
541,0.29
542,0.26
543,0.29
544,0.38
545,0.24
546,0.23
547,0.23
548,0.22
549,0.17
550,0.26
551,0.3
552,0.24
553,0.16
554,0.19
555,0.24
556,0.21
557,0.22
558,0.22
559,0.17
560,0.19
561,0.15
562,0.17
563,0.16
564,0.24
565,0.26
566,0.15
567,0.22
568,0.37
569,0.24
570,0.2
571,0.22
572,0.24
573,0.18
574,0.2
575,0.31
576,0.29
577,0.28
578,0.27
579,0.37
580,0.23
581,0.28
582,0.22
583,0.26
584,0.2
585,0.25
586,0.22
587,0.31
588,0.42
589,0.39
590,0.3
591,0.33
592,0.29
593,0.33
594,0.3
595,0.26
596,0.19
597,0.18
598,0.14
599,0.26
600,0.15
601,0.16
602,0.28
603,0.31
604,0.29
605,0.45
606,0.56
607,0.39
608,0.43
609,0.73
610,0.54
611,0.29
612,0.51
613,0.64
614,0.24
615,0.21
616,0.22
617,0.24
618,0.14
619,0.14
620,0.2