variant,score,pos
M1K,-9.991,1
M1R,-8.417,1
M1H,-12.667,1
M1E,-11.776,1
M1D,-13.173,1
M1N,-11.051,1
M1Q,-10.242,1
M1T,-9.811,1
M1S,-8.078,1
M1C,-11.818,1
M1G,-9.465,1
M1A,-8.577,1
M1V,-9.636,1
M1L,-10.691,1
M1I,-11.925,1
M1M,0.0,1
M1P,-8.931,1
M1Y,-13.477,1
M1F,-12.934,1
M1W,-15.32,1
T2K,-6.368,2
T2R,-2.989,2
T2H,-8.711,2
T2E,-10.96,2
T2D,-12.828,2
T2N,-10.116,2
T2Q,-7.675,2
T2T,0.0,2
T2S,-8.307,2
T2C,-9.739,2
T2G,-9.048,2
T2A,-7.829,2
T2V,-8.762,2
T2L,-9.075,2
T2I,-11.067,2
T2M,-8.67,2
T2P,-7.383,2
T2Y,-10.959,2
T2F,-12.856,2
T2W,-10.1,2
E3K,-12.702,3
E3R,-12.063,3
E3H,-9.219,3
E3E,0.0,3
E3D,-10.123,3
E3N,-14.522,3
E3Q,-11.153,3
E3T,-10.854,3
E3S,-11.758,3
E3C,-9.779,3
E3G,-12.081,3
E3A,-10.538,3
E3V,-10.213,3
E3L,-9.654,3
E3I,-13.401,3
E3M,-12.237,3
E3P,-12.0,3
E3Y,-13.019,3
E3F,-13.166,3
E3W,-15.374,3
Y4K,-19.077,4
Y4R,-17.617,4
Y4H,-9.701,4
Y4E,-18.467,4
Y4D,-18.665,4
Y4N,-15.102,4
Y4Q,-17.443,4
Y4T,-17.814,4
Y4S,-15.021,4
Y4C,-12.103,4
Y4G,-18.825,4
Y4A,-19.022,4
Y4V,-15.817,4
Y4L,-12.803,4
Y4I,-14.138,4
Y4M,-17.687,4
Y4P,-20.147,4
Y4Y,0.0,4
Y4F,-8.047,4
Y4W,-13.792,4
K5K,0.0,5
K5R,-11.344,5
K5H,-12.436,5
K5E,-15.733,5
K5D,-18.46,5
K5N,-11.413,5
K5Q,-14.519,5
K5T,-15.843,5
K5S,-11.875,5
K5C,-16.946,5
K5G,-19.288,5
K5A,-17.87,5
K5V,-16.971,5
K5L,-12.758,5
K5I,-16.025,5
K5M,-17.538,5
K5P,-16.2,5
K5Y,-16.213,5
K5F,-14.926,5
K5W,-16.452,5
L6K,-14.86,6
L6R,-15.716,6
L6H,-15.692,6
L6E,-13.955,6
L6D,-15.412,6
L6N,-16.289,6
L6Q,-15.323,6
L6T,-13.341,6
L6S,-14.588,6
L6C,-12.771,6
L6G,-15.787,6
L6A,-12.448,6
L6V,-7.313,6
L6L,0.0,6
L6I,-9.019,6
L6M,-9.207,6
L6P,-14.977,6
L6Y,-13.576,6
L6F,-11.483,6
L6W,-15.894,6
V7K,-17.5,7
V7R,-17.753,7
V7H,-18.999,7
V7E,-16.242,7
V7D,-15.989,7
V7N,-15.128,7
V7Q,-18.447,7
V7T,-12.105,7
V7S,-15.352,7
V7C,-13.232,7
V7G,-15.889,7
V7A,-13.038,7
V7V,0.0,7
V7L,-12.214,7
V7I,-7.792,7
V7M,-13.398,7
V7P,-17.722,7
V7Y,-17.116,7
V7F,-16.229,7
V7W,-19.917,7
V8K,-17.219,8
V8R,-17.511,8
V8H,-20.595,8
V8E,-15.862,8
V8D,-16.115,8
V8N,-17.865,8
V8Q,-19.648,8
V8T,-10.376,8
V8S,-15.956,8
V8C,-14.925,8
V8G,-16.691,8
V8A,-13.793,8
V8V,0.0,8
V8L,-11.534,8
V8I,-9.292,8
V8M,-9.004,8
V8P,-17.637,8
V8Y,-17.429,8
V8F,-13.493,8
V8W,-20.176,8
V9K,-19.603,9
V9R,-18.202,9
V9H,-18.998,9
V9E,-16.386,9
V9D,-14.347,9
V9N,-20.601,9
V9Q,-18.909,9
V9T,-14.39,9
V9S,-17.791,9
V9C,-13.682,9
V9G,-16.891,9
V9A,-16.755,9
V9V,0.0,9
V9L,-8.448,9
V9I,-10.175,9
V9M,-12.947,9
V9P,-18.175,9
V9Y,-17.815,9
V9F,-14.035,9
V9W,-18.622,9
G10K,-16.437,10
G10R,-12.94,10
G10H,-18.602,10
G10E,-12.561,10
G10D,-12.099,10
G10N,-15.864,10
G10Q,-17.628,10
G10T,-18.073,10
G10S,-13.308,10
G10C,-14.86,10
G10G,0.0,10
G10A,-13.796,10
G10V,-11.358,10
G10L,-17.049,10
G10I,-16.545,10
G10M,-17.19,10
G10P,-17.601,10
G10Y,-17.876,10
G10F,-15.869,10
G10W,-14.911,10
A11K,-7.862,11
A11R,-10.61,11
A11H,-10.839,11
A11E,-10.709,11
A11D,-8.673,11
A11N,-8.187,11
A11Q,-11.18,11
A11T,-6.969,11
A11S,-2.267,11
A11C,-8.056,11
A11G,-2.771,11
A11A,0.0,11
A11V,-8.614,11
A11L,-10.689,11
A11I,-11.614,11
A11M,-11.906,11
A11P,-8.354,11
A11Y,-7.569,11
A11F,-10.074,11
A11W,-13.564,11
G12K,-16.794,12
G12R,-13.253,12
G12H,-17.721,12
G12E,-14.462,12
G12D,-14.539,12
G12N,-16.187,12
G12Q,-16.065,12
G12T,-15.94,12
G12S,-12.465,12
G12C,-14.394,12
G12G,0.0,12
G12A,-10.868,12
G12V,-15.451,12
G12L,-16.051,12
G12I,-18.195,12
G12M,-16.819,12
G12P,-15.325,12
G12Y,-17.142,12
G12F,-17.417,12
G12W,-16.344,12
G13K,-16.221,13
G13R,-13.689,13
G13H,-16.738,13
G13E,-13.057,13
G13D,-9.611,13
G13N,-14.321,13
G13Q,-17.317,13
G13T,-14.424,13
G13S,-11.413,13
G13C,-12.806,13
G13G,0.0,13
G13A,-9.203,13
G13V,-13.481,13
G13L,-17.446,13
G13I,-15.68,13
G13M,-16.495,13
G13P,-16.566,13
G13Y,-13.512,13
G13F,-14.423,13
G13W,-14.376,13
V14K,-20.517,14
V14R,-18.807,14
V14H,-20.707,14
V14E,-15.079,14
V14D,-14.249,14
V14N,-17.881,14
V14Q,-18.519,14
V14T,-10.752,14
V14S,-9.465,14
V14C,-9.453,14
V14G,-15.479,14
V14A,-9.436,14
V14V,0.0,14
V14L,-13.392,14
V14I,-12.498,14
V14M,-14.321,14
V14P,-16.293,14
V14Y,-18.477,14
V14F,-18.363,14
V14W,-20.155,14
G15K,-16.047,15
G15R,-11.729,15
G15H,-16.891,15
G15E,-11.546,15
G15D,-11.859,15
G15N,-16.993,15
G15Q,-15.584,15
G15T,-16.252,15
G15S,-13.033,15
G15C,-12.528,15
G15G,0.0,15
G15A,-11.248,15
G15V,-12.575,15
G15L,-16.227,15
G15I,-16.008,15
G15M,-16.775,15
G15P,-15.556,15
G15Y,-15.822,15
G15F,-15.115,15
G15W,-14.615,15
K16K,0.0,16
K16R,-11.976,16
K16H,-18.3,16
K16E,-9.538,16
K16D,-15.743,16
K16N,-11.668,16
K16Q,-12.385,16
K16T,-13.151,16
K16S,-15.081,16
K16C,-17.662,16
K16G,-15.907,16
K16A,-15.207,16
K16V,-16.199,16
K16L,-15.654,16
K16I,-13.56,16
K16M,-13.502,16
K16P,-17.198,16
K16Y,-18.546,16
K16F,-17.599,16
K16W,-19.134,16
S17K,-17.327,17
S17R,-15.95,17
S17H,-18.823,17
S17E,-18.472,17
S17D,-16.88,17
S17N,-15.837,17
S17Q,-18.044,17
S17T,-11.299,17
S17S,0.0,17
S17C,-13.657,17
S17G,-15.357,17
S17A,-12.97,17
S17V,-16.552,17
S17L,-14.434,17
S17I,-17.032,17
S17M,-20.718,17
S17P,-14.425,17
S17Y,-15.914,17
S17F,-14.346,17
S17W,-18.003,17
A18K,-18.167,18
A18R,-16.703,18
A18H,-18.793,18
A18E,-17.661,18
A18D,-17.744,18
A18N,-16.249,18
A18Q,-18.343,18
A18T,-12.858,18
A18S,-10.256,18
A18C,-6.553,18
A18G,-16.643,18
A18A,0.0,18
A18V,-16.292,18
A18L,-17.344,18
A18I,-18.987,18
A18M,-20.213,18
A18P,-19.445,18
A18Y,-16.542,18
A18F,-17.467,18
A18W,-17.928,18
L19K,-20.11,19
L19R,-18.254,19
L19H,-17.003,19
L19E,-15.666,19
L19D,-15.146,19
L19N,-18.114,19
L19Q,-13.957,19
L19T,-13.679,19
L19S,-15.171,19
L19C,-13.757,19
L19G,-16.93,19
L19A,-13.636,19
L19V,-11.441,19
L19L,0.0,19
L19I,-12.04,19
L19M,-12.205,19
L19P,-15.864,19
L19Y,-16.93,19
L19F,-14.634,19
L19W,-19.455,19
T20K,-15.329,20
T20R,-14.982,20
T20H,-14.557,20
T20E,-15.049,20
T20D,-15.156,20
T20N,-14.768,20
T20Q,-15.067,20
T20T,0.0,20
T20S,-8.205,20
T20C,-11.401,20
T20G,-16.13,20
T20A,-10.857,20
T20V,-12.834,20
T20L,-12.632,20
T20I,-13.937,20
T20M,-14.747,20
T20P,-13.445,20
T20Y,-14.763,20
T20F,-15.494,20
T20W,-17.572,20
I21K,-18.534,21
I21R,-18.589,21
I21H,-16.361,21
I21E,-20.905,21
I21D,-18.202,21
I21N,-17.112,21
I21Q,-18.771,21
I21T,-15.164,21
I21S,-17.699,21
I21C,-16.69,21
I21G,-18.721,21
I21A,-16.664,21
I21V,-9.363,21
I21L,-13.71,21
I21I,0.0,21
I21M,-15.836,21
I21P,-18.4,21
I21Y,-18.374,21
I21F,-17.956,21
I21W,-20.336,21
Q22K,-12.647,22
Q22R,-10.393,22
Q22H,-11.739,22
Q22E,-13.259,22
Q22D,-18.065,22
Q22N,-15.268,22
Q22Q,0.0,22
Q22T,-12.548,22
Q22S,-13.237,22
Q22C,-14.676,22
Q22G,-14.898,22
Q22A,-13.997,22
Q22V,-15.485,22
Q22L,-11.552,22
Q22I,-13.891,22
Q22M,-11.351,22
Q22P,-14.163,22
Q22Y,-15.149,22
Q22F,-15.865,22
Q22W,-16.808,22
L23K,-15.71,23
L23R,-13.799,23
L23H,-14.65,23
L23E,-17.936,23
L23D,-17.478,23
L23N,-17.293,23
L23Q,-14.139,23
L23T,-15.383,23
L23S,-13.255,23
L23C,-14.722,23
L23G,-18.025,23
L23A,-16.212,23
L23V,-13.586,23
L23L,0.0,23
L23I,-10.5,23
L23M,-9.623,23
L23P,-12.674,23
L23Y,-12.589,23
L23F,-9.592,23
L23W,-13.929,23
I24K,-15.485,24
I24R,-15.803,24
I24H,-14.373,24
I24E,-15.383,24
I24D,-15.775,24
I24N,-18.218,24
I24Q,-16.127,24
I24T,-10.807,24
I24S,-14.717,24
I24C,-12.614,24
I24G,-15.774,24
I24A,-12.226,24
I24V,-6.149,24
I24L,-12.298,24
I24I,0.0,24
I24M,-10.293,24
I24P,-17.927,24
I24Y,-14.285,24
I24F,-14.408,24
I24W,-17.693,24
Q25K,-13.968,25
Q25R,-15.372,25
Q25H,-15.192,25
Q25E,-11.298,25
Q25D,-18.206,25
Q25N,-18.14,25
Q25Q,0.0,25
Q25T,-13.29,25
Q25S,-12.452,25
Q25C,-17.479,25
Q25G,-16.617,25
Q25A,-14.701,25
Q25V,-15.607,25
Q25L,-12.386,25
Q25I,-15.41,25
Q25M,-16.122,25
Q25P,-18.68,25
Q25Y,-18.404,25
Q25F,-17.935,25
Q25W,-21.974,25
N26K,-7.152,26
N26R,-9.843,26
N26H,-7.586,26
N26E,-10.032,26
N26D,-8.783,26
N26N,0.0,26
N26Q,-9.268,26
N26T,-10.894,26
N26S,-2.188,26
N26C,-9.256,26
N26G,-5.044,26
N26A,-11.54,26
N26V,-13.387,26
N26L,-14.098,26
N26I,-14.087,26
N26M,-13.815,26
N26P,-16.441,26
N26Y,-10.954,26
N26F,-13.056,26
N26W,-13.132,26
H27K,-16.907,27
H27R,-15.883,27
H27H,0.0,27
H27E,-16.974,27
H27D,-17.74,27
H27N,-13.752,27
H27Q,-14.668,27
H27T,-14.561,27
H27S,-14.259,27
H27C,-13.747,27
H27G,-19.105,27
H27A,-16.993,27
H27V,-17.723,27
H27L,-17.367,27
H27I,-17.56,27
H27M,-18.45,27
H27P,-19.05,27
H27Y,-10.41,27
H27F,-13.428,27
H27W,-18.418,27
F28K,-22.246,28
F28R,-19.845,28
F28H,-16.705,28
F28E,-20.983,28
F28D,-21.157,28
F28N,-19.652,28
F28Q,-20.32,28
F28T,-16.971,28
F28S,-15.434,28
F28C,-14.046,28
F28G,-19.892,28
F28A,-18.227,28
F28V,-16.402,28
F28L,-14.955,28
F28I,-17.073,28
F28M,-17.469,28
F28P,-20.37,28
F28Y,-9.663,28
F28F,0.0,28
F28W,-11.637,28
V29K,-14.518,29
V29R,-13.778,29
V29H,-16.09,29
V29E,-12.698,29
V29D,-13.911,29
V29N,-17.372,29
V29Q,-14.114,29
V29T,-13.663,29
V29S,-15.137,29
V29C,-15.066,29
V29G,-15.239,29
V29A,-13.296,29
V29V,0.0,29
V29L,-9.991,29
V29I,-9.821,29
V29M,-7.965,29
V29P,-15.158,29
V29Y,-15.234,29
V29F,-14.306,29
V29W,-16.806,29
D30K,-15.673,30
D30R,-16.106,30
D30H,-9.75,30
D30E,-5.833,30
D30D,0.0,30
D30N,-8.325,30
D30Q,-10.755,30
D30T,-9.393,30
D30S,-9.889,30
D30C,-11.309,30
D30G,-9.925,30
D30A,-10.105,30
D30V,-11.961,30
D30L,-13.523,30
D30I,-14.094,30
D30M,-14.881,30
D30P,-12.107,30
D30Y,-11.865,30
D30F,-13.374,30
D30W,-13.832,30
E31K,-7.123,31
E31R,-11.691,31
E31H,-12.497,31
E31E,0.0,31
E31D,-8.646,31
E31N,-11.755,31
E31Q,-9.679,31
E31T,-10.662,31
E31S,-11.934,31
E31C,-13.218,31
E31G,-14.189,31
E31A,-11.164,31
E31V,-12.039,31
E31L,-13.997,31
E31I,-13.404,31
E31M,-12.947,31
E31P,-17.601,31
E31Y,-12.876,31
E31F,-14.037,31
E31W,-16.159,31
Y32K,-23.852,32
Y32R,-20.507,32
Y32H,-15.715,32
Y32E,-20.673,32
Y32D,-19.755,32
Y32N,-20.936,32
Y32Q,-21.809,32
Y32T,-22.803,32
Y32S,-18.282,32
Y32C,-15.898,32
Y32G,-21.708,32
Y32A,-23.122,32
Y32V,-23.396,32
Y32L,-20.301,32
Y32I,-20.561,32
Y32M,-24.025,32
Y32P,-22.058,32
Y32Y,0.0,32
Y32F,-15.726,32
Y32W,-16.679,32
D33K,-18.074,33
D33R,-19.115,33
D33H,-15.414,33
D33E,-10.922,33
D33D,0.0,33
D33N,-13.629,33
D33Q,-18.871,33
D33T,-18.487,33
D33S,-17.074,33
D33C,-16.938,33
D33G,-16.513,33
D33A,-15.785,33
D33V,-14.528,33
D33L,-19.23,33
D33I,-17.62,33
D33M,-21.902,33
D33P,-19.028,33
D33Y,-12.513,33
D33F,-16.17,33
D33W,-20.283,33
P34K,-17.492,34
P34R,-17.529,34
P34H,-15.259,34
P34E,-17.679,34
P34D,-18.917,34
P34N,-17.023,34
P34Q,-15.454,34
P34T,-15.291,34
P34S,-13.489,34
P34C,-17.26,34
P34G,-17.629,34
P34A,-12.43,34
P34V,-18.454,34
P34L,-16.166,34
P34I,-20.514,34
P34M,-19.954,34
P34P,0.0,34
P34Y,-17.135,34
P34F,-18.901,34
P34W,-19.563,34
T35K,-14.29,35
T35R,-16.693,35
T35H,-18.536,35
T35E,-17.091,35
T35D,-17.756,35
T35N,-13.971,35
T35Q,-18.56,35
T35T,0.0,35
T35S,-12.887,35
T35C,-17.699,35
T35G,-18.902,35
T35A,-14.641,35
T35V,-18.378,35
T35L,-18.462,35
T35I,-14.514,35
T35M,-15.481,35
T35P,-15.678,35
T35Y,-17.17,35
T35F,-18.923,35
T35W,-20.965,35
I36K,-10.589,36
I36R,-15.116,36
I36H,-18.262,36
I36E,-17.336,36
I36D,-19.443,36
I36N,-15.726,36
I36Q,-16.09,36
I36T,-14.14,36
I36S,-16.675,36
I36C,-16.264,36
I36G,-18.918,36
I36A,-14.871,36
I36V,-9.841,36
I36L,-12.067,36
I36I,0.0,36
I36M,-13.698,36
I36P,-17.484,36
I36Y,-17.862,36
I36F,-14.487,36
I36W,-17.671,36
E37K,-15.686,37
E37R,-16.982,37
E37H,-17.833,37
E37E,0.0,37
E37D,-13.901,37
E37N,-20.454,37
E37Q,-15.753,37
E37T,-17.412,37
E37S,-13.647,37
E37C,-17.499,37
E37G,-13.115,37
E37A,-12.015,37
E37V,-16.542,37
E37L,-19.393,37
E37I,-19.596,37
E37M,-19.942,37
E37P,-17.367,37
E37Y,-17.624,37
E37F,-17.588,37
E37W,-18.734,37
D38K,-18.478,38
D38R,-17.536,38
D38H,-14.876,38
D38E,-12.592,38
D38D,0.0,38
D38N,-13.124,38
D38Q,-18.144,38
D38T,-18.457,38
D38S,-14.127,38
D38C,-14.578,38
D38G,-11.536,38
D38A,-13.429,38
D38V,-13.499,38
D38L,-17.382,38
D38I,-17.984,38
D38M,-20.852,38
D38P,-17.428,38
D38Y,-13.69,38
D38F,-16.119,38
D38W,-18.494,38
S39K,-15.747,39
S39R,-15.521,39
S39H,-13.841,39
S39E,-15.524,39
S39D,-15.976,39
S39N,-14.885,39
S39Q,-11.183,39
S39T,-13.352,39
S39S,0.0,39
S39C,-11.145,39
S39G,-11.631,39
S39A,-11.598,39
S39V,-19.756,39
S39L,-11.963,39
S39I,-15.666,39
S39M,-17.892,39
S39P,-13.692,39
S39Y,-12.529,39
S39F,-7.776,39
S39W,-13.714,39
Y40K,-19.037,40
Y40R,-16.898,40
Y40H,-15.047,40
Y40E,-17.418,40
Y40D,-15.074,40
Y40N,-16.503,40
Y40Q,-18.853,40
Y40T,-20.797,40
Y40S,-15.825,40
Y40C,-14.108,40
Y40G,-18.921,40
Y40A,-20.804,40
Y40V,-21.776,40
Y40L,-17.341,40
Y40I,-21.771,40
Y40M,-21.802,40
Y40P,-20.625,40
Y40Y,0.0,40
Y40F,-12.901,40
Y40W,-19.376,40
R41K,-10.285,41
R41R,0.0,41
R41H,-12.165,41
R41E,-16.36,41
R41D,-19.556,41
R41N,-17.382,41
R41Q,-12.276,41
R41T,-12.794,41
R41S,-13.791,41
R41C,-12.066,41
R41G,-15.199,41
R41A,-16.327,41
R41V,-17.874,41
R41L,-14.105,41
R41I,-14.665,41
R41M,-12.814,41
R41P,-15.028,41
R41Y,-17.268,41
R41F,-16.968,41
R41W,-13.805,41
K42K,0.0,42
K42R,-12.75,42
K42H,-16.427,42
K42E,-16.359,42
K42D,-21.115,42
K42N,-17.168,42
K42Q,-15.158,42
K42T,-15.668,42
K42S,-17.78,42
K42C,-19.224,42
K42G,-20.184,42
K42A,-18.923,42
K42V,-18.15,42
K42L,-20.684,42
K42I,-17.475,42
K42M,-19.225,42
K42P,-21.579,42
K42Y,-19.615,42
K42F,-20.212,42
K42W,-21.32,42
Q43K,-8.443,43
Q43R,-9.336,43
Q43H,-10.237,43
Q43E,-12.911,43
Q43D,-10.994,43
Q43N,-5.456,43
Q43Q,0.0,43
Q43T,-8.863,43
Q43S,-7.663,43
Q43C,-9.919,43
Q43G,-12.085,43
Q43A,-11.287,43
Q43V,-11.697,43
Q43L,-9.741,43
Q43I,-11.348,43
Q43M,-11.816,43
Q43P,-12.049,43
Q43Y,-12.987,43
Q43F,-13.36,43
Q43W,-14.389,43
V44K,-17.885,44
V44R,-16.832,44
V44H,-18.095,44
V44E,-15.069,44
V44D,-15.644,44
V44N,-17.07,44
V44Q,-16.182,44
V44T,-12.108,44
V44S,-13.322,44
V44C,-7.264,44
V44G,-13.586,44
V44A,-9.509,44
V44V,0.0,44
V44L,-10.452,44
V44I,-9.476,44
V44M,-10.791,44
V44P,-16.566,44
V44Y,-16.228,44
V44F,-13.119,44
V44W,-16.063,44
V45K,-13.242,45
V45R,-13.828,45
V45H,-14.019,45
V45E,-6.967,45
V45D,-10.798,45
V45N,-13.631,45
V45Q,-11.068,45
V45T,-11.214,45
V45S,-12.191,45
V45C,-12.343,45
V45G,-14.635,45
V45A,-10.026,45
V45V,0.0,45
V45L,-10.744,45
V45I,-8.954,45
V45M,-9.405,45
V45P,-14.918,45
V45Y,-15.104,45
V45F,-13.851,45
V45W,-15.91,45
I46K,-16.541,46
I46R,-15.579,46
I46H,-17.109,46
I46E,-15.791,46
I46D,-14.974,46
I46N,-15.42,46
I46Q,-15.271,46
I46T,-13.131,46
I46S,-16.175,46
I46C,-16.071,46
I46G,-18.114,46
I46A,-14.787,46
I46V,-7.196,46
I46L,-8.778,46
I46I,0.0,46
I46M,-12.51,46
I46P,-17.759,46
I46Y,-16.375,46
I46F,-12.743,46
I46W,-17.193,46
D47K,-17.375,47
D47R,-18.389,47
D47H,-15.391,47
D47E,-9.77,47
D47D,0.0,47
D47N,-12.765,47
D47Q,-17.538,47
D47T,-19.698,47
D47S,-16.314,47
D47C,-15.771,47
D47G,-12.321,47
D47A,-15.085,47
D47V,-15.522,47
D47L,-18.33,47
D47I,-18.977,47
D47M,-20.128,47
D47P,-21.322,47
D47Y,-15.396,47
D47F,-18.464,47
D47W,-20.446,47
G48K,-11.749,48
G48R,-10.972,48
G48H,-11.816,48
G48E,-8.91,48
G48D,-8.114,48
G48N,-8.982,48
G48Q,-11.714,48
G48T,-11.696,48
G48S,-7.766,48
G48C,-12.128,48
G48G,0.0,48
G48A,-11.155,48
G48V,-12.171,48
G48L,-12.861,48
G48I,-15.919,48
G48M,-13.767,48
G48P,-17.305,48
G48Y,-13.729,48
G48F,-13.093,48
G48W,-12.983,48
E49K,-10.042,49
E49R,-11.452,49
E49H,-12.276,49
E49E,0.0,49
E49D,-6.595,49
E49N,-10.321,49
E49Q,-7.486,49
E49T,-11.703,49
E49S,-11.636,49
E49C,-14.182,49
E49G,-12.491,49
E49A,-11.878,49
E49V,-12.361,49
E49L,-14.173,49
E49I,-15.171,49
E49M,-15.118,49
E49P,-18.163,49
E49Y,-14.395,49
E49F,-16.665,49
E49W,-16.941,49
T50K,-12.781,50
T50R,-12.217,50
T50H,-11.983,50
T50E,-11.877,50
T50D,-12.918,50
T50N,-10.932,50
T50Q,-9.086,50
T50T,0.0,50
T50S,-8.87,50
T50C,-11.089,50
T50G,-13.011,50
T50A,-8.279,50
T50V,-7.998,50
T50L,-10.378,50
T50I,-9.855,50
T50M,-9.251,50
T50P,-7.607,50
T50Y,-11.321,50
T50F,-12.929,50
T50W,-10.729,50
C51K,-17.152,51
C51R,-14.271,51
C51H,-13.974,51
C51E,-15.672,51
C51D,-19.195,51
C51N,-17.47,51
C51Q,-15.53,51
C51T,-12.485,51
C51S,-10.475,51
C51C,0.0,51
C51G,-15.192,51
C51A,-8.307,51
C51V,-12.175,51
C51L,-13.648,51
C51I,-15.407,51
C51M,-17.344,51
C51P,-19.593,51
C51Y,-10.748,51
C51F,-13.756,51
C51W,-14.075,51
L52K,-13.357,52
L52R,-10.796,52
L52H,-10.349,52
L52E,-15.151,52
L52D,-16.19,52
L52N,-11.164,52
L52Q,-9.592,52
L52T,-11.006,52
L52S,-9.532,52
L52C,-11.81,52
L52G,-13.411,52
L52A,-11.92,52
L52V,-10.242,52
L52L,0.0,52
L52I,-9.347,52
L52M,-8.407,52
L52P,-13.397,52
L52Y,-11.628,52
L52F,-10.949,52
L52W,-14.625,52
L53K,-18.152,53
L53R,-16.603,53
L53H,-17.126,53
L53E,-17.146,53
L53D,-17.443,53
L53N,-17.749,53
L53Q,-15.372,53
L53T,-14.796,53
L53S,-16.024,53
L53C,-11.697,53
L53G,-18.32,53
L53A,-16.068,53
L53V,-13.072,53
L53L,0.0,53
L53I,-11.94,53
L53M,-9.512,53
L53P,-15.911,53
L53Y,-14.862,53
L53F,-12.528,53
L53W,-15.715,53
D54K,-14.952,54
D54R,-15.918,54
D54H,-14.318,54
D54E,-8.884,54
D54D,0.0,54
D54N,-13.619,54
D54Q,-14.539,54
D54T,-16.659,54
D54S,-15.531,54
D54C,-17.292,54
D54G,-13.378,54
D54A,-12.94,54
D54V,-14.457,54
D54L,-16.147,54
D54I,-18.198,54
D54M,-18.691,54
D54P,-18.816,54
D54Y,-14.694,54
D54F,-17.824,54
D54W,-17.737,54
I55K,-16.038,55
I55R,-15.637,55
I55H,-15.18,55
I55E,-15.353,55
I55D,-14.092,55
I55N,-14.843,55
I55Q,-16.586,55
I55T,-15.746,55
I55S,-14.972,55
I55C,-14.683,55
I55G,-15.269,55
I55A,-15.735,55
I55V,-7.206,55
I55L,-8.939,55
I55I,0.0,55
I55M,-12.182,55
I55P,-17.911,55
I55Y,-17.05,55
I55F,-13.496,55
I55W,-18.266,55
L56K,-18.656,56
L56R,-15.547,56
L56H,-16.865,56
L56E,-18.329,56
L56D,-17.07,56
L56N,-18.476,56
L56Q,-13.941,56
L56T,-16.955,56
L56S,-15.627,56
L56C,-16.168,56
L56G,-16.072,56
L56A,-17.419,56
L56V,-13.265,56
L56L,0.0,56
L56I,-13.061,56
L56M,-10.928,56
L56P,-14.597,56
L56Y,-17.667,56
L56F,-14.223,56
L56W,-15.233,56
D57K,-19.789,57
D57R,-18.311,57
D57H,-15.354,57
D57E,-15.045,57
D57D,0.0,57
D57N,-12.392,57
D57Q,-18.594,57
D57T,-16.51,57
D57S,-14.126,57
D57C,-13.665,57
D57G,-12.553,57
D57A,-14.525,57
D57V,-14.238,57
D57L,-15.874,57
D57I,-15.387,57
D57M,-18.048,57
D57P,-16.974,57
D57Y,-12.364,57
D57F,-14.204,57
D57W,-18.049,57
T58K,-13.896,58
T58R,-14.665,58
T58H,-16.625,58
T58E,-16.155,58
T58D,-17.061,58
T58N,-13.547,58
T58Q,-17.183,58
T58T,0.0,58
T58S,-10.42,58
T58C,-15.422,58
T58G,-15.545,58
T58A,-12.793,58
T58V,-17.556,58
T58L,-15.373,58
T58I,-13.071,58
T58M,-14.232,58
T58P,-13.296,58
T58Y,-17.451,58
T58F,-16.708,58
T58W,-19.812,58
A59K,-18.755,59
A59R,-17.653,59
A59H,-19.04,59
A59E,-16.814,59
A59D,-16.399,59
A59N,-19.184,59
A59Q,-19.261,59
A59T,-12.78,59
A59S,-13.798,59
A59C,-14.826,59
A59G,-11.771,59
A59A,0.0,59
A59V,-14.244,59
A59L,-17.74,59
A59I,-19.971,59
A59M,-19.816,59
A59P,-14.188,59
A59Y,-17.169,59
A59F,-17.157,59
A59W,-17.586,59
G60K,-15.536,60
G60R,-11.995,60
G60H,-18.104,60
G60E,-13.279,60
G60D,-13.437,60
G60N,-16.705,60
G60Q,-16.054,60
G60T,-16.977,60
G60S,-12.311,60
G60C,-13.692,60
G60G,0.0,60
G60A,-12.127,60
G60V,-14.762,60
G60L,-17.019,60
G60I,-19.025,60
G60M,-19.16,60
G60P,-17.234,60
G60Y,-16.958,60
G60F,-18.308,60
G60W,-13.171,60
Q61K,-15.162,61
Q61R,-13.786,61
Q61H,-15.115,61
Q61E,-13.664,61
Q61D,-16.012,61
Q61N,-17.733,61
Q61Q,0.0,61
Q61T,-10.16,61
Q61S,-14.925,61
Q61C,-16.593,61
Q61G,-15.614,61
Q61A,-13.287,61
Q61V,-16.618,61
Q61L,-13.397,61
Q61I,-15.388,61
Q61M,-14.22,61
Q61P,-16.103,61
Q61Y,-16.927,61
Q61F,-18.304,61
Q61W,-16.851,61
E62K,-13.391,62
E62R,-17.16,62
E62H,-15.941,62
E62E,0.0,62
E62D,-9.953,62
E62N,-16.197,62
E62Q,-14.196,62
E62T,-16.818,62
E62S,-16.798,62
E62C,-18.724,62
E62G,-12.854,62
E62A,-13.49,62
E62V,-13.252,62
E62L,-16.681,62
E62I,-17.68,62
E62M,-17.266,62
E62P,-17.051,62
E62Y,-16.061,62
E62F,-17.836,62
E62W,-19.746,62
E63K,-13.859,63
E63R,-16.159,63
E63H,-15.643,63
E63E,0.0,63
E63D,-10.299,63
E63N,-16.134,63
E63Q,-11.005,63
E63T,-16.577,63
E63S,-13.523,63
E63C,-16.437,63
E63G,-13.68,63
E63A,-13.381,63
E63V,-16.617,63
E63L,-13.425,63
E63I,-18.322,63
E63M,-16.709,63
E63P,-15.735,63
E63Y,-15.927,63
E63F,-17.979,63
E63W,-17.652,63
Y64K,-21.723,64
Y64R,-20.349,64
Y64H,-15.295,64
Y64E,-20.501,64
Y64D,-18.847,64
Y64N,-17.779,64
Y64Q,-19.755,64
Y64T,-20.142,64
Y64S,-17.195,64
Y64C,-15.191,64
Y64G,-18.612,64
Y64A,-15.796,64
Y64V,-18.856,64
Y64L,-15.082,64
Y64I,-17.918,64
Y64M,-21.358,64
Y64P,-19.277,64
Y64Y,0.0,64
Y64F,-9.355,64
Y64W,-17.53,64
S65K,-16.655,65
S65R,-15.157,65
S65H,-14.138,65
S65E,-17.863,65
S65D,-18.059,65
S65N,-11.458,65
S65Q,-14.649,65
S65T,-12.552,65
S65S,0.0,65
S65C,-12.284,65
S65G,-12.436,65
S65A,-11.062,65
S65V,-17.485,65
S65L,-15.86,65
S65I,-16.893,65
S65M,-19.317,65
S65P,-14.733,65
S65Y,-15.17,65
S65F,-15.441,65
S65W,-15.736,65
A66K,-17.929,66
A66R,-17.314,66
A66H,-17.669,66
A66E,-16.108,66
A66D,-17.256,66
A66N,-15.08,66
A66Q,-16.918,66
A66T,-13.097,66
A66S,-9.819,66
A66C,-14.689,66
A66G,-11.601,66
A66A,0.0,66
A66V,-13.754,66
A66L,-18.23,66
A66I,-18.323,66
A66M,-18.63,66
A66P,-13.496,66
A66Y,-18.631,66
A66F,-18.318,66
A66W,-19.021,66
M67K,-15.615,67
M67R,-16.578,67
M67H,-20.08,67
M67E,-16.375,67
M67D,-18.689,67
M67N,-18.053,67
M67Q,-15.214,67
M67T,-14.54,67
M67S,-16.669,67
M67C,-18.235,67
M67G,-18.621,67
M67A,-14.546,67
M67V,-14.244,67
M67L,-12.382,67
M67I,-11.314,67
M67M,0.0,67
M67P,-16.951,67
M67Y,-19.145,67
M67F,-14.929,67
M67W,-20.081,67
R68K,-12.666,68
R68R,0.0,68
R68H,-13.329,68
R68E,-19.336,68
R68D,-22.387,68
R68N,-16.844,68
R68Q,-14.848,68
R68T,-15.986,68
R68S,-15.888,68
R68C,-13.646,68
R68G,-16.785,68
R68A,-18.915,68
R68V,-19.89,68
R68L,-16.571,68
R68I,-15.698,68
R68M,-17.141,68
R68P,-15.081,68
R68Y,-17.265,68
R68F,-18.155,68
R68W,-15.087,68
D69K,-13.76,69
D69R,-16.206,69
D69H,-14.088,69
D69E,-6.192,69
D69D,0.0,69
D69N,-10.048,69
D69Q,-12.603,69
D69T,-10.237,69
D69S,-11.019,69
D69C,-16.125,69
D69G,-11.508,69
D69A,-11.628,69
D69V,-12.871,69
D69L,-15.56,69
D69I,-15.924,69
D69M,-15.017,69
D69P,-15.35,69
D69Y,-12.95,69
D69F,-15.536,69
D69W,-18.288,69
Q70K,-12.201,70
Q70R,-13.491,70
Q70H,-10.203,70
Q70E,-13.523,70
Q70D,-16.608,70
Q70N,-8.044,70
Q70Q,0.0,70
Q70T,-12.371,70
Q70S,-12.905,70
Q70C,-15.864,70
Q70G,-14.823,70
Q70A,-13.588,70
Q70V,-15.256,70
Q70L,-10.897,70
Q70I,-14.576,70
Q70M,-14.237,70
Q70P,-12.153,70
Q70Y,-14.494,70
Q70F,-16.757,70
Q70W,-16.538,70
Y71K,-20.289,71
Y71R,-16.827,71
Y71H,-11.869,71
Y71E,-18.959,71
Y71D,-16.541,71
Y71N,-15.288,71
Y71Q,-18.464,71
Y71T,-18.736,71
Y71S,-14.03,71
Y71C,-12.06,71
Y71G,-15.578,71
Y71A,-18.419,71
Y71V,-18.878,71
Y71L,-17.296,71
Y71I,-19.26,71
Y71M,-22.37,71
Y71P,-18.114,71
Y71Y,0.0,71
Y71F,-9.612,71
Y71W,-12.592,71
M72K,-15.414,72
M72R,-16.553,72
M72H,-18.692,72
M72E,-15.867,72
M72D,-19.031,72
M72N,-17.74,72
M72Q,-16.762,72
M72T,-15.801,72
M72S,-16.133,72
M72C,-17.885,72
M72G,-19.253,72
M72A,-18.154,72
M72V,-13.822,72
M72L,-8.313,72
M72I,-11.682,72
M72M,0.0,72
M72P,-18.911,72
M72Y,-17.42,72
M72F,-13.973,72
M72W,-19.396,72
R73K,-10.671,73
R73R,0.0,73
R73H,-13.513,73
R73E,-17.2,73
R73D,-19.032,73
R73N,-16.733,73
R73Q,-13.547,73
R73T,-15.66,73
R73S,-14.96,73
R73C,-12.114,73
R73G,-14.229,73
R73A,-17.525,73
R73V,-17.282,73
R73L,-13.9,73
R73I,-14.718,73
R73M,-15.186,73
R73P,-16.232,73
R73Y,-17.999,73
R73F,-18.389,73
R73W,-13.804,73
T74K,-14.913,74
T74R,-16.246,74
T74H,-16.913,74
T74E,-16.233,74
T74D,-18.249,74
T74N,-12.702,74
T74Q,-14.951,74
T74T,0.0,74
T74S,-11.152,74
T74C,-14.924,74
T74G,-15.498,74
T74A,-11.034,74
T74V,-13.066,74
T74L,-13.678,74
T74I,-12.152,74
T74M,-12.878,74
T74P,-14.627,74
T74Y,-17.321,74
T74F,-16.821,74
T74W,-19.984,74
G75K,-14.052,75
G75R,-11.533,75
G75H,-16.525,75
G75E,-13.936,75
G75D,-14.088,75
G75N,-15.245,75
G75Q,-15.835,75
G75T,-16.249,75
G75S,-12.497,75
G75C,-13.593,75
G75G,0.0,75
G75A,-13.605,75
G75V,-14.591,75
G75L,-17.526,75
G75I,-16.483,75
G75M,-17.759,75
G75P,-18.719,75
G75Y,-17.602,75
G75F,-17.219,75
G75W,-15.494,75
E76K,-13.63,76
E76R,-15.201,76
E76H,-14.434,76
E76E,0.0,76
E76D,-11.559,76
E76N,-13.981,76
E76Q,-10.801,76
E76T,-14.974,76
E76S,-14.707,76
E76C,-17.707,76
E76G,-13.207,76
E76A,-11.79,76
E76V,-13.734,76
E76L,-15.812,76
E76I,-17.991,76
E76M,-14.464,76
E76P,-16.186,76
E76Y,-16.362,76
E76F,-18.466,76
E76W,-18.653,76
G77K,-19.201,77
G77R,-14.932,77
G77H,-19.226,77
G77E,-15.489,77
G77D,-13.868,77
G77N,-18.446,77
G77Q,-19.019,77
G77T,-18.732,77
G77S,-13.786,77
G77C,-14.065,77
G77G,0.0,77
G77A,-13.041,77
G77V,-15.141,77
G77L,-17.222,77
G77I,-18.235,77
G77M,-19.155,77
G77P,-18.838,77
G77Y,-18.726,77
G77F,-18.761,77
G77W,-16.296,77
F78K,-20.974,78
F78R,-20.061,78
F78H,-18.357,78
F78E,-20.433,78
F78D,-19.447,78
F78N,-18.349,78
F78Q,-19.05,78
F78T,-19.804,78
F78S,-15.877,78
F78C,-15.752,78
F78G,-19.443,78
F78A,-16.82,78
F78V,-15.281,78
F78L,-12.646,78
F78I,-16.402,78
F78M,-18.139,78
F78P,-18.92,78
F78Y,-13.573,78
F78F,0.0,78
F78W,-16.756,78
L79K,-17.175,79
L79R,-16.607,79
L79H,-15.935,79
L79E,-15.041,79
L79D,-15.0,79
L79N,-15.369,79
L79Q,-14.706,79
L79T,-13.679,79
L79S,-13.474,79
L79C,-13.209,79
L79G,-14.353,79
L79A,-11.513,79
L79V,-9.916,79
L79L,0.0,79
L79I,-8.54,79
L79M,-9.365,79
L79P,-14.623,79
L79Y,-16.804,79
L79F,-12.698,79
L79W,-17.287,79
C80K,-20.758,80
C80R,-14.782,80
C80H,-18.068,80
C80E,-20.88,80
C80D,-18.706,80
C80N,-17.086,80
C80Q,-19.688,80
C80T,-18.321,80
C80S,-12.25,80
C80C,0.0,80
C80G,-14.996,80
C80A,-14.636,80
C80V,-15.677,80
C80L,-10.811,80
C80I,-15.915,80
C80M,-16.189,80
C80P,-16.389,80
C80Y,-15.815,80
C80F,-12.505,80
C80W,-17.001,80
V81K,-18.881,81
V81R,-18.293,81
V81H,-19.655,81
V81E,-17.647,81
V81D,-16.837,81
V81N,-16.424,81
V81Q,-18.789,81
V81T,-15.037,81
V81S,-14.549,81
V81C,-12.55,81
V81G,-16.592,81
V81A,-13.417,81
V81V,0.0,81
V81L,-13.403,81
V81I,-10.289,81
V81M,-13.773,81
V81P,-16.238,81
V81Y,-18.545,81
V81F,-15.844,81
V81W,-21.461,81
F82K,-18.559,82
F82R,-19.607,82
F82H,-15.582,82
F82E,-19.904,82
F82D,-18.272,82
F82N,-16.098,82
F82Q,-19.598,82
F82T,-15.09,82
F82S,-13.588,82
F82C,-14.233,82
F82G,-17.104,82
F82A,-13.169,82
F82V,-15.325,82
F82L,-14.737,82
F82I,-15.223,82
F82M,-10.774,82
F82P,-20.208,82
F82Y,-7.395,82
F82F,0.0,82
F82W,-16.575,82
A83K,-17.372,83
A83R,-16.573,83
A83H,-13.683,83
A83E,-16.083,83
A83D,-11.19,83
A83N,-13.233,83
A83Q,-17.17,83
A83T,-13.182,83
A83S,-6.455,83
A83C,-12.326,83
A83G,-12.68,83
A83A,0.0,83
A83V,-13.416,83
A83L,-15.259,83
A83I,-18.027,83
A83M,-19.558,83
A83P,-13.007,83
A83Y,-15.306,83
A83F,-15.484,83
A83W,-17.676,83
I84K,-16.181,84
I84R,-15.632,84
I84H,-15.102,84
I84E,-13.329,84
I84D,-13.835,84
I84N,-15.404,84
I84Q,-14.746,84
I84T,-10.798,84
I84S,-12.063,84
I84C,-12.995,84
I84G,-15.456,84
I84A,-10.968,84
I84V,-5.384,84
I84L,-6.911,84
I84I,0.0,84
I84M,-9.208,84
I84P,-16.597,84
I84Y,-15.703,84
I84F,-13.293,84
I84W,-17.095,84
N85K,-17.619,85
N85R,-18.698,85
N85H,-13.435,85
N85E,-16.089,85
N85D,-10.174,85
N85N,0.0,85
N85Q,-15.863,85
N85T,-10.291,85
N85S,-11.128,85
N85C,-12.401,85
N85G,-15.038,85
N85A,-12.933,85
N85V,-13.151,85
N85L,-16.264,85
N85I,-13.972,85
N85M,-16.876,85
N85P,-17.891,85
N85Y,-14.243,85
N85F,-15.5,85
N85W,-19.789,85
N86K,-11.593,86
N86R,-12.301,86
N86H,-10.034,86
N86E,-9.515,86
N86D,-6.209,86
N86N,0.0,86
N86Q,-11.702,86
N86T,-9.608,86
N86S,-5.25,86
N86C,-9.965,86
N86G,-11.965,86
N86A,-10.212,86
N86V,-11.64,86
N86L,-13.717,86
N86I,-13.312,86
N86M,-15.936,86
N86P,-16.74,86
N86Y,-9.01,86
N86F,-12.685,86
N86W,-15.361,86
T87K,-9.795,87
T87R,-9.427,87
T87H,-8.987,87
T87E,-10.232,87
T87D,-11.085,87
T87N,-6.953,87
T87Q,-6.185,87
T87T,0.0,87
T87S,-4.416,87
T87C,-7.214,87
T87G,-7.343,87
T87A,-4.215,87
T87V,-4.972,87
T87L,-7.178,87
T87I,-6.651,87
T87M,-6.518,87
T87P,-7.761,87
T87Y,-10.196,87
T87F,-10.002,87
T87W,-12.368,87
K88K,0.0,88
K88R,-6.083,88
K88H,-12.212,88
K88E,-13.849,88
K88D,-14.644,88
K88N,-10.713,88
K88Q,-8.303,88
K88T,-11.995,88
K88S,-10.838,88
K88C,-13.922,88
K88G,-10.292,88
K88A,-12.11,88
K88V,-14.914,88
K88L,-13.334,88
K88I,-15.702,88
K88M,-14.612,88
K88P,-12.825,88
K88Y,-16.631,88
K88F,-17.815,88
K88W,-17.073,88
S89K,-13.233,89
S89R,-12.023,89
S89H,-14.596,89
S89E,-15.397,89
S89D,-14.043,89
S89N,-9.368,89
S89Q,-14.52,89
S89T,-6.033,89
S89S,0.0,89
S89C,-11.497,89
S89G,-10.922,89
S89A,-11.288,89
S89V,-14.218,89
S89L,-12.021,89
S89I,-12.476,89
S89M,-12.999,89
S89P,-12.663,89
S89Y,-12.834,89
S89F,-12.366,89
S89W,-14.438,89
F90K,-20.168,90
F90R,-19.01,90
F90H,-16.477,90
F90E,-19.08,90
F90D,-19.371,90
F90N,-18.072,90
F90Q,-18.448,90
F90T,-16.821,90
F90S,-14.661,90
F90C,-13.994,90
F90G,-19.723,90
F90A,-16.544,90
F90V,-13.398,90
F90L,-10.123,90
F90I,-13.39,90
F90M,-14.092,90
F90P,-18.351,90
F90Y,-10.983,90
F90F,0.0,90
F90W,-14.086,90
E91K,-9.948,91
E91R,-10.466,91
E91H,-8.051,91
E91E,0.0,91
E91D,-6.546,91
E91N,-8.137,91
E91Q,-6.917,91
E91T,-9.627,91
E91S,-9.632,91
E91C,-12.355,91
E91G,-10.378,91
E91A,-9.966,91
E91V,-10.599,91
E91L,-10.16,91
E91I,-12.001,91
E91M,-11.636,91
E91P,-13.448,91
E91Y,-10.676,91
E91F,-13.244,91
E91W,-13.407,91
D92K,-14.038,92
D92R,-16.15,92
D92H,-11.154,92
D92E,-5.537,92
D92D,0.0,92
D92N,-6.643,92
D92Q,-11.569,92
D92T,-12.39,92
D92S,-11.49,92
D92C,-13.434,92
D92G,-11.599,92
D92A,-9.957,92
D92V,-12.852,92
D92L,-13.982,92
D92I,-14.946,92
D92M,-13.627,92
D92P,-18.398,92
D92Y,-14.843,92
D92F,-17.272,92
D92W,-18.254,92
I93K,-16.91,93
I93R,-17.168,93
I93H,-16.981,93
I93E,-17.491,93
I93D,-14.593,93
I93N,-13.406,93
I93Q,-17.444,93
I93T,-8.674,93
I93S,-12.675,93
I93C,-11.863,93
I93G,-14.847,93
I93A,-8.515,93
I93V,-6.12,93
I93L,-10.674,93
I93I,0.0,93
I93M,-11.688,93
I93P,-17.804,93
I93Y,-17.464,93
I93F,-14.64,93
I93W,-18.376,93
H94K,-3.923,94
H94R,-4.048,94
H94H,0.0,94
H94E,-7.088,94
H94D,-8.87,94
H94N,-3.969,94
H94Q,-2.811,94
H94T,-3.201,94
H94S,-2.894,94
H94C,-5.198,94
H94G,-4.445,94
H94A,-3.092,94
H94V,-4.787,94
H94L,-5.888,94
H94I,-5.334,94
H94M,-6.65,94
H94P,-3.547,94
H94Y,-6.745,94
H94F,-7.894,94
H94W,-9.797,94
Q95K,-7.818,95
Q95R,-6.812,95
Q95H,-5.991,95
Q95E,-8.46,95
Q95D,-8.254,95
Q95N,-5.09,95
Q95Q,0.0,95
Q95T,-1.962,95
Q95S,-4.57,95
Q95C,-8.262,95
Q95G,-7.648,95
Q95A,-5.576,95
Q95V,-5.997,95
Q95L,-7.298,95
Q95I,-6.61,95
Q95M,-7.023,95
Q95P,-6.622,95
Q95Y,-9.782,95
Q95F,-10.313,95
Q95W,-11.626,95
Y96K,-19.934,96
Y96R,-18.714,96
Y96H,-12.606,96
Y96E,-19.692,96
Y96D,-18.963,96
Y96N,-15.457,96
Y96Q,-17.553,96
Y96T,-18.781,96
Y96S,-16.198,96
Y96C,-13.22,96
Y96G,-20.82,96
Y96A,-17.303,96
Y96V,-16.8,96
Y96L,-14.279,96
Y96I,-17.479,96
Y96M,-17.694,96
Y96P,-22.518,96
Y96Y,0.0,96
Y96F,-8.794,96
Y96W,-14.678,96
R97K,-6.783,97
R97R,0.0,97
R97H,-8.73,97
R97E,-14.165,97
R97D,-17.124,97
R97N,-12.533,97
R97Q,-8.353,97
R97T,-12.293,97
R97S,-10.36,97
R97C,-10.237,97
R97G,-13.607,97
R97A,-12.283,97
R97V,-13.365,97
R97L,-11.403,97
R97I,-13.232,97
R97M,-11.837,97
R97P,-17.472,97
R97Y,-10.224,97
R97F,-11.417,97
R97W,-12.104,97
E98K,-9.5,98
E98R,-11.058,98
E98H,-10.581,98
E98E,0.0,98
E98D,-6.073,98
E98N,-9.337,98
E98Q,-6.899,98
E98T,-10.147,98
E98S,-9.909,98
E98C,-12.683,98
E98G,-10.314,98
E98A,-10.002,98
E98V,-12.021,98
E98L,-11.676,98
E98I,-13.105,98
E98M,-12.469,98
E98P,-16.233,98
E98Y,-13.346,98
E98F,-15.289,98
E98W,-15.426,98
Q99K,-12.533,99
Q99R,-13.594,99
Q99H,-11.665,99
Q99E,-13.021,99
Q99D,-15.279,99
Q99N,-13.888,99
Q99Q,0.0,99
Q99T,-12.676,99
Q99S,-12.869,99
Q99C,-15.473,99
Q99G,-16.132,99
Q99A,-13.612,99
Q99V,-15.597,99
Q99L,-11.107,99
Q99I,-16.463,99
Q99M,-13.777,99
Q99P,-15.77,99
Q99Y,-16.415,99
Q99F,-15.594,99
Q99W,-16.049,99
I100K,-18.924,100
I100R,-18.456,100
I100H,-18.119,100
I100E,-19.277,100
I100D,-18.82,100
I100N,-16.253,100
I100Q,-18.695,100
I100T,-13.273,100
I100S,-15.858,100
I100C,-15.524,100
I100G,-17.263,100
I100A,-15.425,100
I100V,-9.286,100
I100L,-11.375,100
I100I,0.0,100
I100M,-11.543,100
I100P,-20.846,100
I100Y,-17.085,100
I100F,-13.587,100
I100W,-16.968,100
K101K,0.0,101
K101R,-5.627,101
K101H,-10.907,101
K101E,-14.019,101
K101D,-16.205,101
K101N,-11.624,101
K101Q,-11.166,101
K101T,-11.15,101
K101S,-11.627,101
K101C,-10.955,101
K101G,-13.445,101
K101A,-12.867,101
K101V,-13.02,101
K101L,-8.698,101
K101I,-11.53,101
K101M,-11.131,101
K101P,-16.399,101
K101Y,-12.128,101
K101F,-12.566,101
K101W,-11.674,101
R102K,-11.801,102
R102R,0.0,102
R102H,-13.536,102
R102E,-15.715,102
R102D,-17.332,102
R102N,-15.634,102
R102Q,-13.629,102
R102T,-14.601,102
R102S,-14.263,102
R102C,-13.228,102
R102G,-14.573,102
R102A,-15.464,102
R102V,-16.092,102
R102L,-14.373,102
R102I,-14.222,102
R102M,-15.526,102
R102P,-16.534,102
R102Y,-17.025,102
R102F,-17.846,102
R102W,-13.811,102
V103K,-18.687,103
V103R,-19.441,103
V103H,-16.419,103
V103E,-15.29,103
V103D,-17.168,103
V103N,-13.325,103
V103Q,-18.448,103
V103T,-14.773,103
V103S,-15.372,103
V103C,-14.975,103
V103G,-16.962,103
V103A,-11.784,103
V103V,0.0,103
V103L,-14.44,103
V103I,-9.731,103
V103M,-13.482,103
V103P,-18.888,103
V103Y,-16.053,103
V103F,-15.438,103
V103W,-17.367,103
K104K,0.0,104
K104R,-13.135,104
K104H,-18.089,104
K104E,-15.604,104
K104D,-18.595,104
K104N,-15.661,104
K104Q,-15.194,104
K104T,-15.9,104
K104S,-15.976,104
K104C,-18.102,104
K104G,-17.927,104
K104A,-16.726,104
K104V,-21.759,104
K104L,-13.331,104
K104I,-21.373,104
K104M,-15.686,104
K104P,-19.293,104
K104Y,-17.244,104
K104F,-15.01,104
K104W,-17.44,104
D105K,-16.096,105
D105R,-16.813,105
D105H,-14.843,105
D105E,-7.877,105
D105D,0.0,105
D105N,-11.793,105
D105Q,-13.948,105
D105T,-15.72,105
D105S,-15.019,105
D105C,-16.969,105
D105G,-13.674,105
D105A,-13.945,105
D105V,-16.802,105
D105L,-18.052,105
D105I,-19.125,105
D105M,-18.516,105
D105P,-18.555,105
D105Y,-15.27,105
D105F,-18.609,105
D105W,-18.766,105
S106K,-12.057,106
S106R,-9.955,106
S106H,-12.477,106
S106E,-9.852,106
S106D,-11.665,106
S106N,-9.598,106
S106Q,-10.873,106
S106T,-6.043,106
S106S,0.0,106
S106C,-7.826,106
S106G,-11.569,106
S106A,-5.523,106
S106V,-8.481,106
S106L,-10.457,106
S106I,-12.059,106
S106M,-10.406,106
S106P,-11.053,106
S106Y,-11.967,106
S106F,-12.12,106
S106W,-13.079,106
D107K,-14.422,107
D107R,-16.279,107
D107H,-13.619,107
D107E,-5.167,107
D107D,0.0,107
D107N,-10.459,107
D107Q,-13.491,107
D107T,-15.377,107
D107S,-13.497,107
D107C,-14.786,107
D107G,-12.798,107
D107A,-12.607,107
D107V,-14.923,107
D107L,-15.145,107
D107I,-17.481,107
D107M,-17.635,107
D107P,-15.84,107
D107Y,-12.942,107
D107F,-16.048,107
D107W,-18.079,107
D108K,-12.073,108
D108R,-13.264,108
D108H,-9.829,108
D108E,-4.557,108
D108D,0.0,108
D108N,-8.147,108
D108Q,-10.678,108
D108T,-11.245,108
D108S,-9.948,108
D108C,-12.455,108
D108G,-10.502,108
D108A,-10.192,108
D108V,-11.937,108
D108L,-12.957,108
D108I,-13.568,108
D108M,-14.339,108
D108P,-14.974,108
D108Y,-10.789,108
D108F,-13.17,108
D108W,-15.249,108
V109K,-16.63,109
V109R,-14.393,109
V109H,-14.17,109
V109E,-18.138,109
V109D,-16.673,109
V109N,-13.989,109
V109Q,-15.977,109
V109T,-10.46,109
V109S,-10.97,109
V109C,-10.413,109
V109G,-17.35,109
V109A,-10.097,109
V109V,0.0,109
V109L,-11.226,109
V109I,-7.683,109
V109M,-12.213,109
V109P,-13.305,109
V109Y,-12.617,109
V109F,-6.732,109
V109W,-13.039,109
P110K,-17.832,110
P110R,-15.175,110
P110H,-13.522,110
P110E,-16.71,110
P110D,-15.556,110
P110N,-14.489,110
P110Q,-12.3,110
P110T,-11.182,110
P110S,-10.285,110
P110C,-14.314,110
P110G,-15.242,110
P110A,-10.238,110
P110V,-14.114,110
P110L,-12.93,110
P110I,-14.121,110
P110M,-15.788,110
P110P,0.0,110
P110Y,-16.472,110
P110F,-16.122,110
P110W,-19.151,110
M111K,-13.958,111
M111R,-8.534,111
M111H,-14.946,111
M111E,-15.671,111
M111D,-15.158,111
M111N,-15.101,111
M111Q,-12.484,111
M111T,-11.326,111
M111S,-12.458,111
M111C,-12.289,111
M111G,-15.207,111
M111A,-13.122,111
M111V,-10.125,111
M111L,-7.037,111
M111I,-5.976,111
M111M,0.0,111
M111P,-14.834,111
M111Y,-14.945,111
M111F,-9.116,111
M111W,-14.885,111
V112K,-16.584,112
V112R,-15.404,112
V112H,-15.644,112
V112E,-13.493,112
V112D,-13.026,112
V112N,-13.214,112
V112Q,-15.129,112
V112T,-10.148,112
V112S,-12.906,112
V112C,-11.359,112
V112G,-15.299,112
V112A,-11.143,112
V112V,0.0,112
V112L,-8.321,112
V112I,-4.328,112
V112M,-9.183,112
V112P,-15.835,112
V112Y,-14.944,112
V112F,-12.169,112
V112W,-15.417,112
L113K,-17.445,113
L113R,-14.806,113
L113H,-15.822,113
L113E,-17.169,113
L113D,-15.907,113
L113N,-16.286,113
L113Q,-16.358,113
L113T,-14.953,113
L113S,-15.584,113
L113C,-15.003,113
L113G,-15.757,113
L113A,-14.275,113
L113V,-8.602,113
L113L,0.0,113
L113I,-8.504,113
L113M,-11.232,113
L113P,-13.565,113
L113Y,-17.402,113
L113F,-12.154,113
L113W,-16.392,113
V114K,-21.246,114
V114R,-19.897,114
V114H,-20.351,114
V114E,-15.331,114
V114D,-13.839,114
V114N,-18.644,114
V114Q,-18.929,114
V114T,-13.658,114
V114S,-14.611,114
V114C,-10.951,114
V114G,-17.419,114
V114A,-9.533,114
V114V,0.0,114
V114L,-11.95,114
V114I,-9.274,114
V114M,-12.949,114
V114P,-16.942,114
V114Y,-18.838,114
V114F,-15.913,114
V114W,-20.201,114
G115K,-18.317,115
G115R,-14.896,115
G115H,-18.177,115
G115E,-14.013,115
G115D,-14.43,115
G115N,-15.85,115
G115Q,-17.95,115
G115T,-16.73,115
G115S,-11.815,115
G115C,-12.311,115
G115G,0.0,115
G115A,-8.529,115
G115V,-14.066,115
G115L,-16.222,115
G115I,-17.332,115
G115M,-18.595,115
G115P,-18.137,115
G115Y,-18.638,115
G115F,-17.165,115
G115W,-15.241,115
N116K,-13.55,116
N116R,-15.622,116
N116H,-13.919,116
N116E,-16.233,116
N116D,-13.561,116
N116N,0.0,116
N116Q,-15.13,116
N116T,-11.085,116
N116S,-11.845,116
N116C,-13.594,116
N116G,-14.618,116
N116A,-14.48,116
N116V,-16.936,116
N116L,-15.125,116
N116I,-15.949,116
N116M,-16.901,116
N116P,-14.133,116
N116Y,-14.865,116
N116F,-18.301,116
N116W,-18.805,116
K117K,0.0,117
K117R,-14.045,117
K117H,-17.725,117
K117E,-14.812,117
K117D,-14.724,117
K117N,-12.536,117
K117Q,-12.375,117
K117T,-14.023,117
K117S,-16.437,117
K117C,-15.482,117
K117G,-14.638,117
K117A,-16.263,117
K117V,-18.59,117
K117L,-15.884,117
K117I,-15.779,117
K117M,-12.624,117
K117P,-18.363,117
K117Y,-18.43,117
K117F,-17.724,117
K117W,-19.459,117
C118K,-12.889,118
C118R,-10.97,118
C118H,-14.256,118
C118E,-12.112,118
C118D,-12.353,118
C118N,-9.832,118
C118Q,-12.595,118
C118T,-9.677,118
C118S,-4.518,118
C118C,0.0,118
C118G,-4.228,118
C118A,-4.448,118
C118V,-4.242,118
C118L,-7.95,118
C118I,-7.874,118
C118M,-10.811,118
C118P,-15.543,118
C118Y,-10.688,118
C118F,-10.704,118
C118W,-11.064,118
D119K,-15.209,119
D119R,-14.072,119
D119H,-15.406,119
D119E,-11.744,119
D119D,0.0,119
D119N,-15.633,119
D119Q,-17.713,119
D119T,-17.441,119
D119S,-16.908,119
D119C,-17.144,119
D119G,-13.724,119
D119A,-14.268,119
D119V,-15.181,119
D119L,-17.773,119
D119I,-18.253,119
D119M,-20.095,119
D119P,-17.846,119
D119Y,-15.429,119
D119F,-18.169,119
D119W,-19.758,119
L120K,-9.967,120
L120R,-11.125,120
L120H,-11.56,120
L120E,-9.973,120
L120D,-12.234,120
L120N,-10.45,120
L120Q,-8.174,120
L120T,-10.61,120
L120S,-8.006,120
L120C,-8.639,120
L120G,-12.722,120
L120A,-9.509,120
L120V,-8.822,120
L120L,0.0,120
L120I,-10.002,120
L120M,-7.269,120
L120P,-14.752,120
L120Y,-13.556,120
L120F,-13.137,120
L120W,-14.1,120
A121K,-8.087,121
A121R,-8.786,121
A121H,-7.566,121
A121E,-5.983,121
A121D,-7.107,121
A121N,-5.974,121
A121Q,-5.211,121
A121T,-4.758,121
A121S,-4.108,121
A121C,-9.501,121
A121G,-5.493,121
A121A,0.0,121
A121V,-7.334,121
A121L,-8.43,121
A121I,-9.384,121
A121M,-9.032,121
A121P,-3.3,121
A121Y,-10.907,121
A121F,-11.332,121
A121W,-13.212,121
A122K,-5.786,122
A122R,-4.08,122
A122H,-6.584,122
A122E,-7.243,122
A122D,-8.407,122
A122N,-4.481,122
A122Q,-4.104,122
A122T,-4.851,122
A122S,-3.902,122
A122C,-7.954,122
A122G,-5.47,122
A122A,0.0,122
A122V,-6.863,122
A122L,-6.642,122
A122I,-8.642,122
A122M,-7.093,122
A122P,-9.718,122
A122Y,-10.608,122
A122F,-9.816,122
A122W,-11.927,122
R123K,-7.025,123
R123R,0.0,123
R123H,-9.808,123
R123E,-15.482,123
R123D,-15.554,123
R123N,-12.736,123
R123Q,-9.566,123
R123T,-12.908,123
R123S,-11.529,123
R123C,-10.28,123
R123G,-13.367,123
R123A,-12.361,123
R123V,-11.639,123
R123L,-10.505,123
R123I,-13.219,123
R123M,-11.199,123
R123P,-13.975,123
R123Y,-11.163,123
R123F,-11.916,123
R123W,-10.286,123
T124K,-5.707,124
T124R,-6.811,124
T124H,-9.554,124
T124E,-5.368,124
T124D,-10.047,124
T124N,-9.307,124
T124Q,-5.637,124
T124T,0.0,124
T124S,-6.347,124
T124C,-8.884,124
T124G,-9.28,124
T124A,-4.285,124
T124V,-5.784,124
T124L,-9.397,124
T124I,-8.615,124
T124M,-7.083,124
T124P,-11.464,124
T124Y,-11.5,124
T124F,-12.189,124
T124W,-12.394,124
V125K,-17.351,125
V125R,-16.732,125
V125H,-17.772,125
V125E,-16.168,125
V125D,-16.755,125
V125N,-15.13,125
V125Q,-15.736,125
V125T,-12.736,125
V125S,-14.815,125
V125C,-13.644,125
V125G,-15.385,125
V125A,-12.396,125
V125V,0.0,125
V125L,-13.853,125
V125I,-8.201,125
V125M,-12.917,125
V125P,-16.885,125
V125Y,-18.046,125
V125F,-15.607,125
V125W,-18.303,125
E126K,-12.574,126
E126R,-13.077,126
E126H,-10.733,126
E126E,0.0,126
E126D,-3.349,126
E126N,-8.523,126
E126Q,-7.546,126
E126T,-7.989,126
E126S,-6.691,126
E126C,-11.197,126
E126G,-7.78,126
E126A,-8.536,126
E126V,-11.33,126
E126L,-10.476,126
E126I,-13.254,126
E126M,-12.087,126
E126P,-8.464,126
E126Y,-13.516,126
E126F,-14.116,126
E126W,-16.69,126
S127K,-5.067,127
S127R,-4.92,127
S127H,-5.186,127
S127E,-7.041,127
S127D,-8.959,127
S127N,-6.272,127
S127Q,-4.615,127
S127T,-2.847,127
S127S,0.0,127
S127C,-6.897,127
S127G,-6.618,127
S127A,-4.379,127
S127V,-5.667,127
S127L,-6.375,127
S127I,-6.621,127
S127M,-6.845,127
S127P,-2.465,127
S127Y,-4.265,127
S127F,-5.929,127
S127W,-7.959,127
R128K,-2.245,128
R128R,0.0,128
R128H,-6.769,128
R128E,-8.789,128
R128D,-10.335,128
R128N,-6.929,128
R128Q,-4.62,128
R128T,-7.087,128
R128S,-5.659,128
R128C,-10.047,128
R128G,-7.957,128
R128A,-7.164,128
R128V,-9.732,128
R128L,-10.202,128
R128I,-10.356,128
R128M,-10.395,128
R128P,-9.012,128
R128Y,-9.986,128
R128F,-11.599,128
R128W,-11.1,128
Q129K,-7.213,129
Q129R,-7.333,129
Q129H,-8.161,129
Q129E,-6.837,129
Q129D,-8.212,129
Q129N,-8.629,129
Q129Q,0.0,129
Q129T,-8.308,129
Q129S,-8.559,129
Q129C,-11.363,129
Q129G,-9.583,129
Q129A,-6.811,129
Q129V,-9.425,129
Q129L,-8.881,129
Q129I,-10.926,129
Q129M,-9.407,129
Q129P,-10.155,129
Q129Y,-12.875,129
Q129F,-13.528,129
Q129W,-14.481,129
A130K,-15.752,130
A130R,-14.44,130
A130H,-14.849,130
A130E,-13.952,130
A130D,-14.692,130
A130N,-15.15,130
A130Q,-14.228,130
A130T,-10.11,130
A130S,-9.282,130
A130C,-8.497,130
A130G,-6.761,130
A130A,0.0,130
A130V,-6.261,130
A130L,-8.053,130
A130I,-6.783,130
A130M,-8.306,130
A130P,-13.069,130
A130Y,-12.926,130
A130F,-10.948,130
A130W,-13.727,130
Q131K,-3.663,131
Q131R,-4.773,131
Q131H,-7.185,131
Q131E,-6.848,131
Q131D,-11.219,131
Q131N,-7.924,131
Q131Q,0.0,131
Q131T,-8.192,131
Q131S,-7.168,131
Q131C,-9.356,131
Q131G,-9.604,131
Q131A,-8.349,131
Q131V,-9.561,131
Q131L,-6.483,131
Q131I,-10.12,131
Q131M,-7.206,131
Q131P,-13.9,131
Q131Y,-9.729,131
Q131F,-9.228,131
Q131W,-10.083,131
D132K,-9.558,132
D132R,-9.981,132
D132H,-8.304,132
D132E,-2.571,132
D132D,0.0,132
D132N,-6.643,132
D132Q,-4.471,132
D132T,-6.902,132
D132S,-5.858,132
D132C,-10.819,132
D132G,-7.69,132
D132A,-4.597,132
D132V,-8.528,132
D132L,-8.665,132
D132I,-10.641,132
D132M,-9.349,132
D132P,-14.256,132
D132Y,-11.767,132
D132F,-11.918,132
D132W,-14.092,132
L133K,-8.836,133
L133R,-10.415,133
L133H,-11.648,133
L133E,-10.798,133
L133D,-13.585,133
L133N,-10.282,133
L133Q,-9.841,133
L133T,-6.362,133
L133S,-9.061,133
L133C,-9.946,133
L133G,-13.379,133
L133A,-7.949,133
L133V,-5.566,133
L133L,0.0,133
L133I,-6.099,133
L133M,-5.778,133
L133P,-15.322,133
L133Y,-11.5,133
L133F,-9.413,133
L133W,-10.298,133
A134K,-12.94,134
A134R,-11.561,134
A134H,-14.062,134
A134E,-12.233,134
A134D,-16.156,134
A134N,-15.32,134
A134Q,-10.561,134
A134T,-10.612,134
A134S,-7.458,134
A134C,-11.244,134
A134G,-9.499,134
A134A,0.0,134
A134V,-12.111,134
A134L,-14.83,134
A134I,-14.208,134
A134M,-13.176,134
A134P,-13.619,134
A134Y,-15.773,134
A134F,-14.233,134
A134W,-15.687,134
R135K,-4.993,135
R135R,0.0,135
R135H,-8.635,135
R135E,-11.137,135
R135D,-11.72,135
R135N,-9.747,135
R135Q,-8.262,135
R135T,-9.813,135
R135S,-9.29,135
R135C,-10.453,135
R135G,-10.477,135
R135A,-10.027,135
R135V,-11.712,135
R135L,-10.792,135
R135I,-11.894,135
R135M,-11.28,135
R135P,-14.953,135
R135Y,-12.756,135
R135F,-13.796,135
R135W,-11.81,135
S136K,-5.064,136
S136R,-5.269,136
S136H,-6.69,136
S136E,-5.303,136
S136D,-8.039,136
S136N,-6.71,136
S136Q,-1.565,136
S136T,-5.001,136
S136S,0.0,136
S136C,-8.287,136
S136G,-7.439,136
S136A,-6.229,136
S136V,-7.773,136
S136L,-5.631,136
S136I,-7.805,136
S136M,-5.526,136
S136P,-11.506,136
S136Y,-9.284,136
S136F,-9.017,136
S136W,-10.15,136
Y137K,-13.11,137
Y137R,-11.259,137
Y137H,-6.722,137
Y137E,-12.665,137
Y137D,-12.246,137
Y137N,-9.491,137
Y137Q,-10.67,137
Y137T,-12.434,137
Y137S,-10.359,137
Y137C,-8.341,137
Y137G,-14.303,137
Y137A,-12.392,137
Y137V,-11.441,137
Y137L,-8.562,137
Y137I,-12.109,137
Y137M,-10.915,137
Y137P,-15.485,137
Y137Y,0.0,137
Y137F,-4.411,137
Y137W,-9.246,137
G138K,-6.525,138
G138R,-6.978,138
G138H,-8.032,138
G138E,-9.222,138
G138D,-7.695,138
G138N,-5.654,138
G138Q,-8.771,138
G138T,-9.129,138
G138S,-5.866,138
G138C,-9.415,138
G138G,0.0,138
G138A,-7.942,138
G138V,-11.462,138
G138L,-12.373,138
G138I,-13.89,138
G138M,-11.92,138
G138P,-13.133,138
G138Y,-12.161,138
G138F,-13.492,138
G138W,-13.085,138
I139K,-17.181,139
I139R,-15.28,139
I139H,-15.769,139
I139E,-18.001,139
I139D,-18.676,139
I139N,-16.266,139
I139Q,-16.332,139
I139T,-11.245,139
I139S,-13.794,139
I139C,-10.179,139
I139G,-15.758,139
I139A,-11.249,139
I139V,-4.989,139
I139L,-7.214,139
I139I,0.0,139
I139M,-9.377,139
I139P,-17.243,139
I139Y,-15.346,139
I139F,-11.672,139
I139W,-16.433,139
P140K,-7.123,140
P140R,-8.882,140
P140H,-11.162,140
P140E,-13.307,140
P140D,-13.585,140
P140N,-11.694,140
P140Q,-9.856,140
P140T,-9.609,140
P140S,-8.636,140
P140C,-13.171,140
P140G,-12.358,140
P140A,-9.727,140
P140V,-13.265,140
P140L,-11.553,140
P140I,-13.356,140
P140M,-12.838,140
P140P,0.0,140
P140Y,-15.489,140
P140F,-15.218,140
P140W,-16.324,140
Y141K,-18.771,141
Y141R,-15.945,141
Y141H,-8.786,141
Y141E,-18.853,141
Y141D,-16.701,141
Y141N,-13.833,141
Y141Q,-14.782,141
Y141T,-16.009,141
Y141S,-13.198,141
Y141C,-11.575,141
Y141G,-17.615,141
Y141A,-14.678,141
Y141V,-11.736,141
Y141L,-7.895,141
Y141I,-12.516,141
Y141M,-13.24,141
Y141P,-18.347,141
Y141Y,0.0,141
Y141F,-6.875,141
Y141W,-12.318,141
I142K,-14.949,142
I142R,-13.552,142
I142H,-12.102,142
I142E,-14.944,142
I142D,-17.438,142
I142N,-15.46,142
I142Q,-12.657,142
I142T,-10.735,142
I142S,-12.725,142
I142C,-11.208,142
I142G,-16.717,142
I142A,-11.393,142
I142V,-5.869,142
I142L,-3.391,142
I142I,0.0,142
I142M,-5.25,142
I142P,-14.996,142
I142Y,-10.363,142
I142F,-7.952,142
I142W,-14.418,142
E143K,-13.884,143
E143R,-16.656,143
E143H,-15.667,143
E143E,0.0,143
E143D,-11.114,143
E143N,-16.36,143
E143Q,-12.549,143
E143T,-17.386,143
E143S,-16.4,143
E143C,-17.643,143
E143G,-15.011,143
E143A,-14.186,143
E143V,-15.94,143
E143L,-17.016,143
E143I,-18.283,143
E143M,-17.978,143
E143P,-13.759,143
E143Y,-16.684,143
E143F,-16.765,143
E143W,-19.128,143
T144K,-18.499,144
T144R,-16.394,144
T144H,-16.72,144
T144E,-18.408,144
T144D,-15.606,144
T144N,-12.436,144
T144Q,-17.035,144
T144T,0.0,144
T144S,-6.915,144
T144C,-8.613,144
T144G,-10.131,144
T144A,-3.081,144
T144V,-9.913,144
T144L,-14.956,144
T144I,-13.078,144
T144M,-15.262,144
T144P,-13.743,144
T144Y,-15.652,144
T144F,-16.156,144
T144W,-17.63,144
S145K,-23.808,145
S145R,-19.119,145
S145H,-21.936,145
S145E,-24.216,145
S145D,-22.199,145
S145N,-17.476,145
S145Q,-22.41,145
S145T,-16.133,145
S145S,0.0,145
S145C,-14.148,145
S145G,-19.517,145
S145A,-14.14,145
S145V,-20.758,145
S145L,-16.445,145
S145I,-21.149,145
S145M,-22.355,145
S145P,-18.221,145
S145Y,-19.283,145
S145F,-15.93,145
S145W,-19.521,145
A146K,-17.884,146
A146R,-17.812,146
A146H,-18.028,146
A146E,-18.084,146
A146D,-16.747,146
A146N,-14.622,146
A146Q,-19.481,146
A146T,-14.427,146
A146S,-11.573,146
A146C,-15.36,146
A146G,-13.864,146
A146A,0.0,146
A146V,-14.452,146
A146L,-19.286,146
A146I,-20.457,146
A146M,-21.506,146
A146P,-13.954,146
A146Y,-18.345,146
A146F,-19.823,146
A146W,-21.364,146
K147K,0.0,147
K147R,-8.733,147
K147H,-17.715,147
K147E,-18.685,147
K147D,-22.43,147
K147N,-16.676,147
K147Q,-16.603,147
K147T,-16.187,147
K147S,-17.352,147
K147C,-17.667,147
K147G,-19.164,147
K147A,-18.579,147
K147V,-19.752,147
K147L,-16.45,147
K147I,-19.304,147
K147M,-16.197,147
K147P,-18.469,147
K147Y,-19.823,147
K147F,-20.33,147
K147W,-20.302,147
T148K,-13.836,148
T148R,-14.088,148
T148H,-14.146,148
T148E,-15.639,148
T148D,-16.125,148
T148N,-9.86,148
T148Q,-12.659,148
T148T,0.0,148
T148S,-7.902,148
T148C,-12.851,148
T148G,-13.121,148
T148A,-8.6,148
T148V,-11.658,148
T148L,-8.028,148
T148I,-10.128,148
T148M,-10.918,148
T148P,-17.19,148
T148Y,-13.026,148
T148F,-13.389,148
T148W,-16.668,148
R149K,-7.265,149
R149R,0.0,149
R149H,-11.067,149
R149E,-16.62,149
R149D,-17.207,149
R149N,-13.285,149
R149Q,-11.181,149
R149T,-13.931,149
R149S,-12.59,149
R149C,-11.672,149
R149G,-12.423,149
R149A,-12.694,149
R149V,-15.638,149
R149L,-13.547,149
R149I,-17.847,149
R149M,-15.464,149
R149P,-15.1,149
R149Y,-14.947,149
R149F,-17.209,149
R149W,-14.463,149
Q150K,-8.653,150
Q150R,-9.002,150
Q150H,-9.67,150
Q150E,-10.545,150
Q150D,-12.904,150
Q150N,-10.858,150
Q150Q,0.0,150
Q150T,-8.69,150
Q150S,-9.22,150
Q150C,-12.277,150
Q150G,-13.256,150
Q150A,-8.754,150
Q150V,-10.078,150
Q150L,-9.045,150
Q150I,-9.845,150
Q150M,-8.561,150
Q150P,-14.158,150
Q150Y,-12.946,150
Q150F,-12.105,150
Q150W,-14.036,150
G151K,-12.422,151
G151R,-11.047,151
G151H,-11.461,151
G151E,-16.834,151
G151D,-16.735,151
G151N,-7.52,151
G151Q,-13.706,151
G151T,-13.259,151
G151S,-10.635,151
G151C,-10.938,151
G151G,0.0,151
G151A,-10.913,151
G151V,-15.38,151
G151L,-14.915,151
G151I,-17.092,151
G151M,-13.324,151
G151P,-20.046,151
G151Y,-11.934,151
G151F,-13.566,151
G151W,-13.383,151
V152K,-18.613,152
V152R,-17.719,152
V152H,-19.472,152
V152E,-15.836,152
V152D,-16.481,152
V152N,-16.935,152
V152Q,-17.28,152
V152T,-11.744,152
V152S,-13.807,152
V152C,-13.578,152
V152G,-17.369,152
V152A,-10.854,152
V152V,0.0,152
V152L,-10.84,152
V152I,-10.037,152
V152M,-13.432,152
V152P,-14.934,152
V152Y,-17.565,152
V152F,-14.817,152
V152W,-19.106,152
E153K,-11.263,153
E153R,-13.277,153
E153H,-12.683,153
E153E,0.0,153
E153D,-5.955,153
E153N,-11.188,153
E153Q,-9.469,153
E153T,-12.012,153
E153S,-11.575,153
E153C,-15.132,153
E153G,-10.52,153
E153A,-10.808,153
E153V,-11.816,153
E153L,-14.911,153
E153I,-15.767,153
E153M,-14.967,153
E153P,-13.669,153
E153Y,-15.228,153
E153F,-17.088,153
E153W,-17.702,153
D154K,-10.829,154
D154R,-11.092,154
D154H,-8.642,154
D154E,-5.562,154
D154D,0.0,154
D154N,-4.481,154
D154Q,-7.458,154
D154T,-7.723,154
D154S,-5.838,154
D154C,-7.967,154
D154G,-8.204,154
D154A,-6.675,154
D154V,-10.496,154
D154L,-8.053,154
D154I,-12.032,154
D154M,-9.003,154
D154P,-13.934,154
D154Y,-11.59,154
D154F,-12.338,154
D154W,-14.88,154
A155K,-20.391,155
A155R,-19.669,155
A155H,-21.358,155
A155E,-17.821,155
A155D,-16.853,155
A155N,-17.434,155
A155Q,-21.221,155
A155T,-10.219,155
A155S,-8.156,155
A155C,-11.695,155
A155G,-10.696,155
A155A,0.0,155
A155V,-7.979,155
A155L,-13.609,155
A155I,-12.398,155
A155M,-15.445,155
A155P,-11.971,155
A155Y,-19.183,155
A155F,-16.065,155
A155W,-21.141,155
F156K,-23.37,156
F156R,-22.081,156
F156H,-20.919,156
F156E,-22.421,156
F156D,-23.741,156
F156N,-22.516,156
F156Q,-21.381,156
F156T,-17.944,156
F156S,-18.358,156
F156C,-16.227,156
F156G,-20.446,156
F156A,-17.509,156
F156V,-16.61,156
F156L,-13.799,156
F156I,-15.906,156
F156M,-14.63,156
F156P,-21.641,156
F156Y,-12.582,156
F156F,0.0,156
F156W,-19.099,156
Y157K,-18.411,157
Y157R,-15.092,157
Y157H,-7.734,157
Y157E,-12.533,157
Y157D,-13.382,157
Y157N,-12.436,157
Y157Q,-11.372,157
Y157T,-13.197,157
Y157S,-11.285,157
Y157C,-9.359,157
Y157G,-13.724,157
Y157A,-11.57,157
Y157V,-11.836,157
Y157L,-10.583,157
Y157I,-12.776,157
Y157M,-13.544,157
Y157P,-16.223,157
Y157Y,0.0,157
Y157F,-4.186,157
Y157W,-13.98,157
T158K,-11.822,158
T158R,-12.642,158
T158H,-12.247,158
T158E,-10.577,158
T158D,-10.85,158
T158N,-9.564,158
T158Q,-11.046,158
T158T,0.0,158
T158S,-6.411,158
T158C,-11.376,158
T158G,-11.189,158
T158A,-8.124,158
T158V,-12.825,158
T158L,-11.775,158
T158I,-11.579,158
T158M,-10.562,158
T158P,-16.632,158
T158Y,-13.874,158
T158F,-14.828,158
T158W,-15.968,158
L159K,-16.497,159
L159R,-14.699,159
L159H,-11.488,159
L159E,-13.848,159
L159D,-18.076,159
L159N,-15.251,159
L159Q,-9.667,159
L159T,-11.138,159
L159S,-12.664,159
L159C,-13.204,159
L159G,-15.119,159
L159A,-12.056,159
L159V,-8.729,159
L159L,0.0,159
L159I,-9.506,159
L159M,-7.888,159
L159P,-15.118,159
L159Y,-16.418,159
L159F,-13.08,159
L159W,-17.347,159
V160K,-19.617,160
V160R,-18.536,160
V160H,-18.964,160
V160E,-16.392,160
V160D,-16.232,160
V160N,-17.038,160
V160Q,-17.916,160
V160T,-10.716,160
V160S,-13.45,160
V160C,-13.703,160
V160G,-14.217,160
V160A,-9.471,160
V160V,0.0,160
V160L,-11.572,160
V160I,-8.22,160
V160M,-8.988,160
V160P,-17.111,160
V160Y,-16.399,160
V160F,-13.536,160
V160W,-18.871,160
R161K,-5.765,161
R161R,0.0,161
R161H,-9.838,161
R161E,-13.995,161
R161D,-15.949,161
R161N,-11.345,161
R161Q,-9.679,161
R161T,-11.277,161
R161S,-11.321,161
R161C,-11.797,161
R161G,-12.843,161
R161A,-11.792,161
R161V,-14.597,161
R161L,-13.088,161
R161I,-15.324,161
R161M,-12.88,161
R161P,-16.294,161
R161Y,-14.587,161
R161F,-16.672,161
R161W,-14.353,161
E162K,-12.086,162
E162R,-13.735,162
E162H,-11.257,162
E162E,0.0,162
E162D,-7.277,162
E162N,-8.742,162
E162Q,-6.545,162
E162T,-8.833,162
E162S,-9.971,162
E162C,-12.808,162
E162G,-12.101,162
E162A,-9.998,162
E162V,-8.494,162
E162L,-9.91,162
E162I,-8.881,162
E162M,-8.376,162
E162P,-19.225,162
E162Y,-13.611,162
E162F,-13.907,162
E162W,-15.778,162
I163K,-17.08,163
I163R,-16.06,163
I163H,-16.506,163
I163E,-15.726,163
I163D,-15.742,163
I163N,-15.117,163
I163Q,-16.015,163
I163T,-12.386,163
I163S,-14.045,163
I163C,-14.706,163
I163G,-15.047,163
I163A,-12.1,163
I163V,-6.808,163
I163L,-11.142,163
I163I,0.0,163
I163M,-9.908,163
I163P,-18.553,163
I163Y,-15.588,163
I163F,-13.863,163
I163W,-16.388,163
R164K,-8.778,164
R164R,0.0,164
R164H,-11.047,164
R164E,-15.087,164
R164D,-16.126,164
R164N,-11.782,164
R164Q,-11.032,164
R164T,-14.578,164
R164S,-13.134,164
R164C,-13.1,164
R164G,-14.251,164
R164A,-15.266,164
R164V,-16.291,164
R164L,-14.2,164
R164I,-15.263,164
R164M,-14.852,164
R164P,-15.814,164
R164Y,-15.199,164
R164F,-18.034,164
R164W,-14.215,164
Q165K,-5.543,165
Q165R,-6.221,165
Q165H,-6.463,165
Q165E,-9.19,165
Q165D,-11.061,165
Q165N,-6.988,165
Q165Q,0.0,165
Q165T,-7.971,165
Q165S,-7.923,165
Q165C,-9.623,165
Q165G,-10.199,165
Q165A,-6.674,165
Q165V,-9.265,165
Q165L,-7.866,165
Q165I,-9.553,165
Q165M,-8.789,165
Q165P,-13.125,165
Q165Y,-10.432,165
Q165F,-11.276,165
Q165W,-11.653,165
H166K,-4.913,166
H166R,-2.564,166
H166H,0.0,166
H166E,-10.5,166
H166D,-10.936,166
H166N,-5.891,166
H166Q,-5.901,166
H166T,-7.83,166
H166S,-6.182,166
H166C,-6.308,166
H166G,-9.768,166
H166A,-8.007,166
H166V,-9.249,166
H166L,-8.492,166
H166I,-9.685,166
H166M,-9.436,166
H166P,-13.49,166
H166Y,-0.915,166
H166F,-5.847,166
H166W,-5.884,166
K167K,0.0,167
K167R,-4.47,167
K167H,-7.272,167
K167E,-11.417,167
K167D,-12.815,167
K167N,-6.736,167
K167Q,-7.707,167
K167T,-8.619,167
K167S,-8.387,167
K167C,-12.484,167
K167G,-9.97,167
K167A,-10.127,167
K167V,-11.694,167
K167L,-12.078,167
K167I,-12.709,167
K167M,-11.54,167
K167P,-11.788,167
K167Y,-13.275,167
K167F,-14.582,167
K167W,-15.268,167
L168K,-2.867,168
L168R,-3.903,168
L168H,-5.073,168
L168E,-4.097,168
L168D,-6.094,168
L168N,-3.897,168
L168Q,-0.693,168
L168T,-4.636,168
L168S,-2.173,168
L168C,-6.608,168
L168G,-4.739,168
L168A,-3.279,168
L168V,-6.092,168
L168L,0.0,168
L168I,-6.986,168
L168M,-4.73,168
L168P,-6.969,168
L168Y,-7.729,168
L168F,-7.607,168
L168W,-8.408,168
R169K,-3.515,169
R169R,0.0,169
R169H,-8.424,169
R169E,-9.791,169
R169D,-10.283,169
R169N,-7.434,169
R169Q,-6.675,169
R169T,-8.867,169
R169S,-7.576,169
R169C,-9.374,169
R169G,-8.257,169
R169A,-8.526,169
R169V,-10.295,169
R169L,-8.846,169
R169I,-10.863,169
R169M,-9.985,169
R169P,-9.043,169
R169Y,-11.511,169
R169F,-11.741,169
R169W,-11.4,169
K170K,0.0,170
K170R,-3.764,170
K170H,-6.441,170
K170E,-7.722,170
K170D,-8.674,170
K170N,-5.774,170
K170Q,-4.815,170
K170T,-5.481,170
K170S,-4.233,170
K170C,-5.26,170
K170G,-5.658,170
K170A,-5.071,170
K170V,-6.47,170
K170L,-5.876,170
K170I,-7.496,170
K170M,-6.827,170
K170P,-6.529,170
K170Y,-8.757,170
K170F,-8.413,170
K170W,-9.228,170
L171K,-5.418,171
L171R,-5.533,171
L171H,-5.481,171
L171E,-5.395,171
L171D,-6.157,171
L171N,-4.3,171
L171Q,-3.142,171
L171T,-3.035,171
L171S,-2.684,171
L171C,-5.5,171
L171G,-4.105,171
L171A,-2.489,171
L171V,-3.489,171
L171L,0.0,171
L171I,-3.984,171
L171M,-3.782,171
L171P,-3.858,171
L171Y,-6.578,171
L171F,-5.987,171
L171W,-8.568,171
N172K,-5.155,172
N172R,-5.122,172
N172H,-5.229,172
N172E,-3.873,172
N172D,-3.751,172
N172N,0.0,172
N172Q,-3.789,172
N172T,-4.763,172
N172S,-4.198,172
N172C,-6.6,172
N172G,-4.207,172
N172A,-4.2,172
N172V,-5.622,172
N172L,-5.85,172
N172I,-6.888,172
N172M,-6.941,172
N172P,-3.303,172
N172Y,-7.419,172
N172F,-8.344,172
N172W,-9.802,172
P173K,-1.812,173
P173R,-2.793,173
P173H,-4.746,173
P173E,-4.286,173
P173D,-4.405,173
P173N,-3.594,173
P173Q,-3.053,173
P173T,-4.108,173
P173S,-4.293,173
P173C,-6.47,173
P173G,-4.232,173
P173A,-3.766,173
P173V,-4.576,173
P173L,-4.216,173
P173I,-5.244,173
P173M,-5.04,173
P173P,0.0,173
P173Y,-6.855,173
P173F,-6.608,173
P173W,-9.111,173
P174K,-4.866,174
P174R,-5.141,174
P174H,-5.315,174
P174E,-3.262,174
P174D,-3.28,174
P174N,-4.419,174
P174Q,-3.82,174
P174T,-4.225,174
P174S,-3.695,174
P174C,-7.028,174
P174G,-3.639,174
P174A,-3.72,174
P174V,-4.617,174
P174L,-4.398,174
P174I,-5.956,174
P174M,-5.771,174
P174P,0.0,174
P174Y,-6.709,174
P174F,-6.937,174
P174W,-9.249,174
D175K,-3.929,175
D175R,-4.568,175
D175H,-4.964,175
D175E,-2.579,175
D175D,0.0,175
D175N,-4.73,175
D175Q,-2.779,175
D175T,-4.148,175
D175S,-3.757,175
D175C,-7.478,175
D175G,-3.387,175
D175A,-3.278,175
D175V,-4.746,175
D175L,-5.076,175
D175I,-6.63,175
D175M,-6.37,175
D175P,-2.667,175
D175Y,-7.655,175
D175F,-8.293,175
D175W,-9.618,175
E176K,-4.902,176
E176R,-5.27,176
E176H,-5.473,176
E176E,0.0,176
E176D,-3.603,176
E176N,-4.711,176
E176Q,-3.749,176
E176T,-4.942,176
E176S,-4.014,176
E176C,-7.83,176
E176G,-4.21,176
E176A,-4.622,176
E176V,-6.268,176
E176L,-6.562,176
E176I,-7.352,176
E176M,-7.495,176
E176P,-4.27,176
E176Y,-7.578,176
E176F,-8.423,176
E176W,-10.485,176
S177K,-3.39,177
S177R,-4.208,177
S177H,-4.479,177
S177E,-2.163,177
S177D,-2.66,177
S177N,-3.738,177
S177Q,-2.185,177
S177T,-3.883,177
S177S,0.0,177
S177C,-7.001,177
S177G,-3.232,177
S177A,-3.343,177
S177V,-5.184,177
S177L,-5.473,177
S177I,-6.697,177
S177M,-6.243,177
S177P,-2.658,177
S177Y,-6.983,177
S177F,-7.631,177
S177W,-9.752,177
G178K,-1.139,178
G178R,-2.684,178
G178H,-4.487,178
G178E,-2.987,178
G178D,-3.801,178
G178N,-3.909,178
G178Q,-2.457,178
G178T,-3.982,178
G178S,-3.173,178
G178C,-6.862,178
G178G,0.0,178
G178A,-3.801,178
G178V,-5.039,178
G178L,-4.948,178
G178I,-6.208,178
G178M,-6.123,178
G178P,-3.426,178
G178Y,-6.569,178
G178F,-7.017,178
G178W,-8.108,178
P179K,-2.387,179
P179R,-3.1,179
P179H,-4.474,179
P179E,-3.581,179
P179D,-3.988,179
P179N,-4.228,179
P179Q,-3.336,179
P179T,-4.118,179
P179S,-2.647,179
P179C,-5.377,179
P179G,-2.129,179
P179A,-3.724,179
P179V,-5.654,179
P179L,-5.355,179
P179I,-6.875,179
P179M,-6.443,179
P179P,0.0,179
P179Y,-6.518,179
P179F,-6.593,179
P179W,-6.859,179
G180K,-3.875,180
G180R,-4.379,180
G180H,-6.695,180
G180E,-6.717,180
G180D,-6.641,180
G180N,-5.448,180
G180Q,-5.572,180
G180T,-5.534,180
G180S,-3.828,180
G180C,-5.096,180
G180G,0.0,180
G180A,-5.792,180
G180V,-7.404,180
G180L,-6.502,180
G180I,-8.024,180
G180M,-7.869,180
G180P,-5.465,180
G180Y,-8.485,180
G180F,-6.762,180
G180W,-7.13,180
C181K,-2.016,181
C181R,-2.666,181
C181H,-6.22,181
C181E,-7.234,181
C181D,-7.478,181
C181N,-5.688,181
C181Q,-5.604,181
C181T,-5.282,181
C181S,-4.128,181
C181C,0.0,181
C181G,-3.674,181
C181A,-5.381,181
C181V,-6.067,181
C181L,-3.867,181
C181I,-5.857,181
C181M,-5.387,181
C181P,-4.387,181
C181Y,-6.442,181
C181F,-4.117,181
C181W,-3.435,181
M182K,-1.437,182
M182R,-1.424,182
M182H,-4.021,182
M182E,-3.619,182
M182D,-4.133,182
M182N,-2.652,182
M182Q,-2.475,182
M182T,-2.521,182
M182S,-1.11,182
M182C,-2.448,182
M182G,-1.078,182
M182A,-2.029,182
M182V,-4.195,182
M182L,-2.091,182
M182I,-4.224,182
M182M,0.0,182
M182P,-2.623,182
M182Y,-5.8,182
M182F,-2.158,182
M182W,-3.422,182
S183K,-2.892,183
S183R,-3.063,183
S183H,-5.906,183
S183E,-7.283,183
S183D,-6.846,183
S183N,-4.624,183
S183Q,-5.426,183
S183T,-5.242,183
S183S,0.0,183
S183C,-4.583,183
S183G,-3.052,183
S183A,-5.166,183
S183V,-7.42,183
S183L,-5.788,183
S183I,-7.53,183
S183M,-6.964,183
S183P,-4.752,183
S183Y,-7.404,183
S183F,-6.439,183
S183W,-6.057,183
C184K,-2.159,184
C184R,-1.448,184
C184H,-4.725,184
C184E,-5.612,184
C184D,-5.435,184
C184N,-2.973,184
C184Q,-3.754,184
C184T,-3.464,184
C184S,-1.5,184
C184C,0.0,184
C184G,-2.627,184
C184A,-3.868,184
C184V,-5.8,184
C184L,-4.283,184
C184I,-6.143,184
C184M,-4.916,184
C184P,-4.683,184
C184Y,-5.49,184
C184F,-4.132,184
C184W,-3.623,184
K185K,0.0,185
K185R,-5.007,185
K185H,-7.379,185
K185E,-9.312,185
K185D,-8.695,185
K185N,-5.304,185
K185Q,-6.903,185
K185T,-5.125,185
K185S,-4.893,185
K185C,-6.857,185
K185G,-6.635,185
K185A,-6.181,185
K185V,-6.753,185
K185L,-5.098,185
K185I,-6.595,185
K185M,-5.99,185
K185P,-5.957,185
K185Y,-8.94,185
K185F,-7.289,185
K185W,-8.405,185
C186K,-11.962,186
C186R,-10.023,186
C186H,-12.169,186
C186E,-13.177,186
C186D,-12.86,186
C186N,-11.624,186
C186Q,-12.908,186
C186T,-10.065,186
C186S,-9.717,186
C186C,0.0,186
C186G,-10.618,186
C186A,-11.713,186
C186V,-12.105,186
C186L,-11.581,186
C186I,-12.72,186
C186M,-13.224,186
C186P,-12.046,186
C186Y,-10.992,186
C186F,-11.553,186
C186W,-12.313,186
V187K,-7.501,187
V187R,-6.639,187
V187H,-8.323,187
V187E,-9.458,187
V187D,-9.947,187
V187N,-6.978,187
V187Q,-7.687,187
V187T,-5.264,187
V187S,-5.525,187
V187C,-6.222,187
V187G,-8.436,187
V187A,-5.713,187
V187V,0.0,187
V187L,-4.888,187
V187I,-4.338,187
V187M,-6.789,187
V187P,-8.29,187
V187Y,-8.927,187
V187F,-7.827,187
V187W,-8.991,187
L188K,-11.471,188
L188R,-9.959,188
L188H,-8.84,188
L188E,-11.691,188
L188D,-11.746,188
L188N,-8.216,188
L188Q,-9.087,188
L188T,-7.511,188
L188S,-8.573,188
L188C,-10.032,188
L188G,-9.936,188
L188A,-8.596,188
L188V,-3.413,188
L188L,0.0,188
L188I,-0.919,188
L188M,-5.904,188
L188P,-9.958,188
L188Y,-11.002,188
L188F,-8.191,188
L188W,-11.613,188
S189K,-8.498,189
S189R,-7.952,189
S189H,-7.123,189
S189E,-10.05,189
S189D,-10.763,189
S189N,-6.15,189
S189Q,-2.82,189
S189T,-5.19,189
S189S,0.0,189
S189C,-3.299,189
S189G,-7.028,189
S189A,-2.903,189
S189V,-4.144,189
S189L,-0.689,189
S189I,-4.788,189
S189M,-2.14,189
S189P,-6.591,189
S189Y,-6.384,189
S189F,-2.054,189
S189W,-5.58,189
